origen,destino,estrategia,encontrada,tiempoRutaMin,distanciaKm,tramos,nodosExplorados,tiempoCalculoMs
BUCARAMANGA,FLORIDABLANCA,DIJKSTRA,true,8.00,8.0,1,2,0.00180
BUCARAMANGA,PIEDECUESTA,DIJKSTRA,true,18.00,18.0,2,4,0.00339
BUCARAMANGA,GIRON,DIJKSTRA,true,9.00,9.0,1,3,0.00238
BUCARAMANGA,LEBRIJA,DIJKSTRA,true,26.00,26.0,2,5,0.00474
BUCARAMANGA,LOS_SANTOS,DIJKSTRA,true,67.50,51.0,3,7,0.00562
BUCARAMANGA,PESCADERO,DIJKSTRA,true,58.00,58.0,3,6,0.00496
BUCARAMANGA,PARQUE_CHICAMOCHA,DIJKSTRA,true,70.00,70.0,4,8,0.00653
BUCARAMANGA,ARATOCA,DIJKSTRA,true,80.00,80.0,5,9,0.00725
BUCARAMANGA,CEPITA,DIJKSTRA,true,140.00,105.0,6,19,0.01702
BUCARAMANGA,CURITI,DIJKSTRA,true,92.00,92.0,6,11,0.00936
BUCARAMANGA,VILLANUEVA,DIJKSTRA,true,136.00,125.0,8,18,0.01438
BUCARAMANGA,BARICHARA,DIJKSTRA,true,133.00,123.0,8,17,0.01377
BUCARAMANGA,ZAPATOCA,DIJKSTRA,true,91.50,64.0,2,10,0.00782
BUCARAMANGA,SAN_GIL,DIJKSTRA,true,103.00,103.0,7,12,0.01024
BUCARAMANGA,PINCHOTE,DIJKSTRA,true,110.00,110.0,8,13,0.01352
BUCARAMANGA,SOCORRO,DIJKSTRA,true,126.00,126.0,9,15,0.01549
BUCARAMANGA,VALLE_SAN_JOSE,DIJKSTRA,true,122.50,116.0,8,14,0.01335
BUCARAMANGA,PARAMO,DIJKSTRA,true,131.50,122.0,9,16,0.01356
BUCARAMANGA,MOGOTES,DIJKSTRA,true,157.00,139.0,8,21,0.01580
BUCARAMANGA,CHARALA,DIJKSTRA,true,166.00,145.0,10,22,0.01604
BUCARAMANGA,OIBA,DIJKSTRA,true,156.00,156.0,10,20,0.01655
FLORIDABLANCA,BUCARAMANGA,DIJKSTRA,true,8.00,8.0,1,2,0.00168
FLORIDABLANCA,PIEDECUESTA,DIJKSTRA,true,10.00,10.0,1,3,0.00227
FLORIDABLANCA,GIRON,DIJKSTRA,true,17.00,17.0,2,4,0.00323
FLORIDABLANCA,LEBRIJA,DIJKSTRA,true,34.00,34.0,3,5,0.00433
FLORIDABLANCA,LOS_SANTOS,DIJKSTRA,true,59.50,43.0,2,7,0.00513
FLORIDABLANCA,PESCADERO,DIJKSTRA,true,50.00,50.0,2,6,0.00442
FLORIDABLANCA,PARQUE_CHICAMOCHA,DIJKSTRA,true,62.00,62.0,3,8,0.00602
FLORIDABLANCA,ARATOCA,DIJKSTRA,true,72.00,72.0,4,9,0.00686
FLORIDABLANCA,CEPITA,DIJKSTRA,true,132.00,97.0,5,19,0.01511
FLORIDABLANCA,CURITI,DIJKSTRA,true,84.00,84.0,5,10,0.00769
FLORIDABLANCA,VILLANUEVA,DIJKSTRA,true,128.00,117.0,7,18,0.01396
FLORIDABLANCA,BARICHARA,DIJKSTRA,true,125.00,115.0,7,17,0.01271
FLORIDABLANCA,ZAPATOCA,DIJKSTRA,true,99.50,72.0,3,12,0.00976
FLORIDABLANCA,SAN_GIL,DIJKSTRA,true,95.00,95.0,6,11,0.00850
FLORIDABLANCA,PINCHOTE,DIJKSTRA,true,102.00,102.0,7,13,0.01049
FLORIDABLANCA,SOCORRO,DIJKSTRA,true,118.00,118.0,8,15,0.01144
FLORIDABLANCA,VALLE_SAN_JOSE,DIJKSTRA,true,114.50,108.0,7,14,0.01111
FLORIDABLANCA,PARAMO,DIJKSTRA,true,123.50,114.0,8,16,0.01224
FLORIDABLANCA,MOGOTES,DIJKSTRA,true,149.00,131.0,7,21,0.01449
FLORIDABLANCA,CHARALA,DIJKSTRA,true,158.00,137.0,9,22,0.01536
FLORIDABLANCA,OIBA,DIJKSTRA,true,148.00,148.0,9,20,0.01420
PIEDECUESTA,BUCARAMANGA,DIJKSTRA,true,18.00,18.0,2,3,0.00255
PIEDECUESTA,FLORIDABLANCA,DIJKSTRA,true,10.00,10.0,1,2,0.00185
PIEDECUESTA,GIRON,DIJKSTRA,true,27.00,27.0,3,4,0.00343
PIEDECUESTA,LEBRIJA,DIJKSTRA,true,44.00,44.0,4,6,0.00487
PIEDECUESTA,LOS_SANTOS,DIJKSTRA,true,49.50,33.0,1,7,0.00505
PIEDECUESTA,PESCADERO,DIJKSTRA,true,40.00,40.0,1,5,0.00404
PIEDECUESTA,PARQUE_CHICAMOCHA,DIJKSTRA,true,52.00,52.0,2,8,0.00588
PIEDECUESTA,ARATOCA,DIJKSTRA,true,62.00,62.0,3,9,0.00646
PIEDECUESTA,CEPITA,DIJKSTRA,true,122.00,87.0,4,19,0.01373
PIEDECUESTA,CURITI,DIJKSTRA,true,74.00,74.0,4,10,0.00803
PIEDECUESTA,VILLANUEVA,DIJKSTRA,true,118.00,107.0,6,18,0.01308
PIEDECUESTA,BARICHARA,DIJKSTRA,true,115.00,105.0,6,17,0.01271
PIEDECUESTA,ZAPATOCA,DIJKSTRA,true,109.50,82.0,4,15,0.01149
PIEDECUESTA,SAN_GIL,DIJKSTRA,true,85.00,85.0,5,11,0.00832
PIEDECUESTA,PINCHOTE,DIJKSTRA,true,92.00,92.0,6,12,0.01016
PIEDECUESTA,SOCORRO,DIJKSTRA,true,108.00,108.0,7,14,0.01112
PIEDECUESTA,VALLE_SAN_JOSE,DIJKSTRA,true,104.50,98.0,6,13,0.01045
PIEDECUESTA,PARAMO,DIJKSTRA,true,113.50,104.0,7,16,0.01207
PIEDECUESTA,MOGOTES,DIJKSTRA,true,139.00,121.0,6,21,0.01501
PIEDECUESTA,CHARALA,DIJKSTRA,true,148.00,127.0,8,22,0.01494
PIEDECUESTA,OIBA,DIJKSTRA,true,138.00,138.0,8,20,0.01453
GIRON,BUCARAMANGA,DIJKSTRA,true,9.00,9.0,1,2,0.00188
GIRON,FLORIDABLANCA,DIJKSTRA,true,17.00,17.0,2,4,0.00291
GIRON,PIEDECUESTA,DIJKSTRA,true,27.00,27.0,3,5,0.00356
GIRON,LEBRIJA,DIJKSTRA,true,17.00,17.0,1,3,0.00292
GIRON,LOS_SANTOS,DIJKSTRA,true,76.50,60.0,4,7,0.00551
GIRON,PESCADERO,DIJKSTRA,true,67.00,67.0,4,6,0.00444
GIRON,PARQUE_CHICAMOCHA,DIJKSTRA,true,79.00,79.0,5,8,0.00590
GIRON,ARATOCA,DIJKSTRA,true,89.00,89.0,6,10,0.00769
GIRON,CEPITA,DIJKSTRA,true,149.00,114.0,7,19,0.01466
GIRON,CURITI,DIJKSTRA,true,101.00,101.0,7,11,0.00825
GIRON,VILLANUEVA,DIJKSTRA,true,145.00,134.0,9,18,0.01400
GIRON,BARICHARA,DIJKSTRA,true,142.00,132.0,9,17,0.01309
GIRON,ZAPATOCA,DIJKSTRA,true,82.50,55.0,1,9,0.00644
GIRON,SAN_GIL,DIJKSTRA,true,112.00,112.0,8,12,0.00901
GIRON,PINCHOTE,DIJKSTRA,true,119.00,119.0,9,13,0.01048
GIRON,SOCORRO,DIJKSTRA,true,135.00,135.0,10,15,0.01200
GIRON,VALLE_SAN_JOSE,DIJKSTRA,true,131.50,125.0,9,14,0.01169
GIRON,PARAMO,DIJKSTRA,true,140.50,131.0,10,16,0.01373
GIRON,MOGOTES,DIJKSTRA,true,166.00,148.0,9,21,0.01595
GIRON,CHARALA,DIJKSTRA,true,175.00,154.0,11,22,0.01604
GIRON,OIBA,DIJKSTRA,true,165.00,165.0,11,20,0.01495
LEBRIJA,BUCARAMANGA,DIJKSTRA,true,26.00,26.0,2,3,0.00213
LEBRIJA,FLORIDABLANCA,DIJKSTRA,true,34.00,34.0,3,4,0.00279
LEBRIJA,PIEDECUESTA,DIJKSTRA,true,44.00,44.0,4,5,0.00342
LEBRIJA,GIRON,DIJKSTRA,true,17.00,17.0,1,2,0.00194
LEBRIJA,LOS_SANTOS,DIJKSTRA,true,93.50,77.0,5,7,0.00516
LEBRIJA,PESCADERO,DIJKSTRA,true,84.00,84.0,5,6,0.00477
LEBRIJA,PARQUE_CHICAMOCHA,DIJKSTRA,true,96.00,96.0,6,8,0.00591
LEBRIJA,ARATOCA,DIJKSTRA,true,106.00,106.0,7,10,0.00710
LEBRIJA,CEPITA,DIJKSTRA,true,166.00,131.0,8,19,0.01425
LEBRIJA,CURITI,DIJKSTRA,true,118.00,118.0,8,11,0.00843
LEBRIJA,VILLANUEVA,DIJKSTRA,true,162.00,151.0,10,18,0.01437
LEBRIJA,BARICHARA,DIJKSTRA,true,159.00,149.0,10,17,0.01288
LEBRIJA,ZAPATOCA,DIJKSTRA,true,99.50,72.0,2,9,0.00622
LEBRIJA,SAN_GIL,DIJKSTRA,true,129.00,129.0,9,12,0.00884
LEBRIJA,PINCHOTE,DIJKSTRA,true,136.00,136.0,10,13,0.01024
LEBRIJA,SOCORRO,DIJKSTRA,true,152.00,152.0,11,15,0.01220
LEBRIJA,VALLE_SAN_JOSE,DIJKSTRA,true,148.50,142.0,10,14,0.01163
LEBRIJA,PARAMO,DIJKSTRA,true,157.50,148.0,11,16,0.01248
LEBRIJA,MOGOTES,DIJKSTRA,true,183.00,165.0,10,21,0.01509
LEBRIJA,CHARALA,DIJKSTRA,true,192.00,171.0,12,22,0.01711
LEBRIJA,OIBA,DIJKSTRA,true,182.00,182.0,12,20,0.01517
LOS_SANTOS,BUCARAMANGA,DIJKSTRA,true,67.50,51.0,3,7,0.00552
LOS_SANTOS,FLORIDABLANCA,DIJKSTRA,true,59.50,43.0,2,5,0.00438
LOS_SANTOS,PIEDECUESTA,DIJKSTRA,true,49.50,33.0,1,3,0.00296
LOS_SANTOS,GIRON,DIJKSTRA,true,76.50,60.0,4,8,0.00757
LOS_SANTOS,LEBRIJA,DIJKSTRA,true,93.50,77.0,5,11,0.01080
LOS_SANTOS,PESCADERO,DIJKSTRA,true,43.20,18.0,1,2,0.00174
LOS_SANTOS,PARQUE_CHICAMOCHA,DIJKSTRA,true,55.20,30.0,2,4,0.00413
LOS_SANTOS,ARATOCA,DIJKSTRA,true,65.20,40.0,3,6,0.00548
LOS_SANTOS,CEPITA,DIJKSTRA,true,125.20,65.0,4,18,0.01666
LOS_SANTOS,CURITI,DIJKSTRA,true,77.20,52.0,4,9,0.00837
LOS_SANTOS,VILLANUEVA,DIJKSTRA,true,115.20,48.0,1,15,0.01197
LOS_SANTOS,BARICHARA,DIJKSTRA,true,118.20,83.0,6,17,0.01335
LOS_SANTOS,ZAPATOCA,DIJKSTRA,true,159.00,115.0,5,22,0.01706
LOS_SANTOS,SAN_GIL,DIJKSTRA,true,88.20,63.0,5,10,0.00796
LOS_SANTOS,PINCHOTE,DIJKSTRA,true,95.20,70.0,6,12,0.01033
LOS_SANTOS,SOCORRO,DIJKSTRA,true,111.20,86.0,7,14,0.01168
LOS_SANTOS,VALLE_SAN_JOSE,DIJKSTRA,true,107.70,76.0,6,13,0.01086
LOS_SANTOS,PARAMO,DIJKSTRA,true,116.70,82.0,7,16,0.01269
LOS_SANTOS,MOGOTES,DIJKSTRA,true,142.20,99.0,6,20,0.01520
LOS_SANTOS,CHARALA,DIJKSTRA,true,151.20,105.0,8,21,0.01526
LOS_SANTOS,OIBA,DIJKSTRA,true,141.20,116.0,8,19,0.01533
PESCADERO,BUCARAMANGA,DIJKSTRA,true,58.00,58.0,3,10,0.00892
PESCADERO,FLORIDABLANCA,DIJKSTRA,true,50.00,50.0,2,8,0.00826
PESCADERO,PIEDECUESTA,DIJKSTRA,true,40.00,40.0,1,5,0.00397
PESCADERO,GIRON,DIJKSTRA,true,67.00,67.0,4,12,0.01009
PESCADERO,LEBRIJA,DIJKSTRA,true,84.00,84.0,5,18,0.01408
PESCADERO,LOS_SANTOS,DIJKSTRA,true,43.20,18.0,1,6,0.00488
PESCADERO,PARQUE_CHICAMOCHA,DIJKSTRA,true,12.00,12.0,1,2,0.00211
PESCADERO,ARATOCA,DIJKSTRA,true,22.00,22.0,2,3,0.00257
PESCADERO,CEPITA,DIJKSTRA,true,82.00,47.0,3,17,0.01487
PESCADERO,CURITI,DIJKSTRA,true,34.00,34.0,3,4,0.00340
PESCADERO,VILLANUEVA,DIJKSTRA,true,78.00,67.0,5,16,0.01280
PESCADERO,BARICHARA,DIJKSTRA,true,75.00,65.0,5,15,0.01217
PESCADERO,ZAPATOCA,DIJKSTRA,true,149.50,122.0,5,22,0.01615
PESCADERO,SAN_GIL,DIJKSTRA,true,45.00,45.0,4,7,0.00593
PESCADERO,PINCHOTE,DIJKSTRA,true,52.00,52.0,5,9,0.00792
PESCADERO,SOCORRO,DIJKSTRA,true,68.00,68.0,6,13,0.01064
PESCADERO,VALLE_SAN_JOSE,DIJKSTRA,true,64.50,58.0,5,11,0.00911
PESCADERO,PARAMO,DIJKSTRA,true,73.50,64.0,6,14,0.01082
PESCADERO,MOGOTES,DIJKSTRA,true,99.00,81.0,5,20,0.01467
PESCADERO,CHARALA,DIJKSTRA,true,108.00,87.0,7,21,0.01429
PESCADERO,OIBA,DIJKSTRA,true,98.00,98.0,7,19,0.01397
PARQUE_CHICAMOCHA,BUCARAMANGA,DIJKSTRA,true,70.00,70.0,4,15,0.01158
PARQUE_CHICAMOCHA,FLORIDABLANCA,DIJKSTRA,true,62.00,62.0,3,12,0.00967
PARQUE_CHICAMOCHA,PIEDECUESTA,DIJKSTRA,true,52.00,52.0,2,7,0.00690
PARQUE_CHICAMOCHA,GIRON,DIJKSTRA,true,79.00,79.0,5,17,0.01333
PARQUE_CHICAMOCHA,LEBRIJA,DIJKSTRA,true,96.00,96.0,6,20,0.01471
PARQUE_CHICAMOCHA,LOS_SANTOS,DIJKSTRA,true,55.20,30.0,2,9,0.00917
PARQUE_CHICAMOCHA,PESCADERO,DIJKSTRA,true,12.00,12.0,1,3,0.00238
PARQUE_CHICAMOCHA,ARATOCA,DIJKSTRA,true,10.00,10.0,1,2,0.00149
PARQUE_CHICAMOCHA,CEPITA,DIJKSTRA,true,70.00,35.0,2,16,0.01271
PARQUE_CHICAMOCHA,CURITI,DIJKSTRA,true,22.00,22.0,2,4,0.00334
PARQUE_CHICAMOCHA,VILLANUEVA,DIJKSTRA,true,66.00,55.0,4,14,0.01255
PARQUE_CHICAMOCHA,BARICHARA,DIJKSTRA,true,63.00,53.0,4,13,0.01045
PARQUE_CHICAMOCHA,ZAPATOCA,DIJKSTRA,true,161.50,134.0,6,22,0.01541
PARQUE_CHICAMOCHA,SAN_GIL,DIJKSTRA,true,33.00,33.0,3,5,0.00407
PARQUE_CHICAMOCHA,PINCHOTE,DIJKSTRA,true,40.00,40.0,4,6,0.00560
PARQUE_CHICAMOCHA,SOCORRO,DIJKSTRA,true,56.00,56.0,5,10,0.00879
PARQUE_CHICAMOCHA,VALLE_SAN_JOSE,DIJKSTRA,true,52.50,46.0,4,8,0.00718
PARQUE_CHICAMOCHA,PARAMO,DIJKSTRA,true,61.50,52.0,5,11,0.00951
PARQUE_CHICAMOCHA,MOGOTES,DIJKSTRA,true,87.00,69.0,4,19,0.01486
PARQUE_CHICAMOCHA,CHARALA,DIJKSTRA,true,96.00,75.0,6,21,0.01440
PARQUE_CHICAMOCHA,OIBA,DIJKSTRA,true,86.00,86.0,6,18,0.01330
ARATOCA,BUCARAMANGA,DIJKSTRA,true,80.00,80.0,5,18,0.01422
ARATOCA,FLORIDABLANCA,DIJKSTRA,true,72.00,72.0,4,15,0.01139
ARATOCA,PIEDECUESTA,DIJKSTRA,true,62.00,62.0,3,13,0.00974
ARATOCA,GIRON,DIJKSTRA,true,89.00,89.0,6,20,0.01350
ARATOCA,LEBRIJA,DIJKSTRA,true,106.00,106.0,7,21,0.01569
ARATOCA,LOS_SANTOS,DIJKSTRA,true,65.20,40.0,3,14,0.01085
ARATOCA,PESCADERO,DIJKSTRA,true,22.00,22.0,2,4,0.00295
ARATOCA,PARQUE_CHICAMOCHA,DIJKSTRA,true,10.00,10.0,1,2,0.00159
ARATOCA,CEPITA,DIJKSTRA,true,60.00,25.0,1,12,0.00955
ARATOCA,CURITI,DIJKSTRA,true,12.00,12.0,1,3,0.00219
ARATOCA,VILLANUEVA,DIJKSTRA,true,56.00,45.0,3,11,0.00884
ARATOCA,BARICHARA,DIJKSTRA,true,53.00,43.0,3,10,0.00818
ARATOCA,ZAPATOCA,DIJKSTRA,true,161.00,88.0,4,22,0.01517
ARATOCA,SAN_GIL,DIJKSTRA,true,23.00,23.0,2,5,0.00374
ARATOCA,PINCHOTE,DIJKSTRA,true,30.00,30.0,3,6,0.00538
ARATOCA,SOCORRO,DIJKSTRA,true,46.00,46.0,4,8,0.00680
ARATOCA,VALLE_SAN_JOSE,DIJKSTRA,true,42.50,36.0,3,7,0.00621
ARATOCA,PARAMO,DIJKSTRA,true,51.50,42.0,4,9,0.00776
ARATOCA,MOGOTES,DIJKSTRA,true,77.00,59.0,3,17,0.01264
ARATOCA,CHARALA,DIJKSTRA,true,86.00,65.0,5,19,0.01335
ARATOCA,OIBA,DIJKSTRA,true,76.00,76.0,5,16,0.01181
CEPITA,BUCARAMANGA,DIJKSTRA,true,140.00,105.0,6,18,0.01259
CEPITA,FLORIDABLANCA,DIJKSTRA,true,132.00,97.0,5,15,0.01201
CEPITA,PIEDECUESTA,DIJKSTRA,true,122.00,87.0,4,13,0.01007
CEPITA,GIRON,DIJKSTRA,true,149.00,114.0,7,20,0.01636
CEPITA,LEBRIJA,DIJKSTRA,true,166.00,131.0,8,21,0.01552
CEPITA,LOS_SANTOS,DIJKSTRA,true,125.20,65.0,4,14,0.01454
CEPITA,PESCADERO,DIJKSTRA,true,82.00,47.0,3,5,0.00370
CEPITA,PARQUE_CHICAMOCHA,DIJKSTRA,true,70.00,35.0,2,3,0.00256
CEPITA,ARATOCA,DIJKSTRA,true,60.00,25.0,1,2,0.00182
CEPITA,CURITI,DIJKSTRA,true,72.00,37.0,2,4,0.00316
CEPITA,VILLANUEVA,DIJKSTRA,true,116.00,70.0,4,12,0.00937
CEPITA,BARICHARA,DIJKSTRA,true,113.00,68.0,4,11,0.00869
CEPITA,ZAPATOCA,DIJKSTRA,true,221.00,113.0,5,22,0.01539
CEPITA,SAN_GIL,DIJKSTRA,true,83.00,48.0,3,6,0.00440
CEPITA,PINCHOTE,DIJKSTRA,true,90.00,55.0,4,7,0.00593
CEPITA,SOCORRO,DIJKSTRA,true,106.00,71.0,5,9,0.00729
CEPITA,VALLE_SAN_JOSE,DIJKSTRA,true,102.50,61.0,4,8,0.00657
CEPITA,PARAMO,DIJKSTRA,true,111.50,67.0,5,10,0.00777
CEPITA,MOGOTES,DIJKSTRA,true,137.00,84.0,4,17,0.01298
CEPITA,CHARALA,DIJKSTRA,true,146.00,90.0,6,19,0.01408
CEPITA,OIBA,DIJKSTRA,true,136.00,101.0,6,16,0.01225
CURITI,BUCARAMANGA,DIJKSTRA,true,92.00,92.0,6,19,0.01365
CURITI,FLORIDABLANCA,DIJKSTRA,true,84.00,84.0,5,18,0.01325
CURITI,PIEDECUESTA,DIJKSTRA,true,74.00,74.0,4,15,0.01131
CURITI,GIRON,DIJKSTRA,true,101.00,101.0,7,20,0.01413
CURITI,LEBRIJA,DIJKSTRA,true,118.00,118.0,8,21,0.01441
CURITI,LOS_SANTOS,DIJKSTRA,true,77.20,52.0,4,17,0.01247
CURITI,PESCADERO,DIJKSTRA,true,34.00,34.0,3,7,0.00600
CURITI,PARQUE_CHICAMOCHA,DIJKSTRA,true,22.00,22.0,2,5,0.00458
CURITI,ARATOCA,DIJKSTRA,true,12.00,12.0,1,3,0.00304
CURITI,CEPITA,DIJKSTRA,true,72.00,37.0,2,14,0.01149
CURITI,VILLANUEVA,DIJKSTRA,true,44.00,33.0,2,11,0.00878
CURITI,BARICHARA,DIJKSTRA,true,41.00,31.0,2,10,0.00799
CURITI,ZAPATOCA,DIJKSTRA,true,149.00,76.0,3,22,0.01443
CURITI,SAN_GIL,DIJKSTRA,true,11.00,11.0,1,2,0.00138
CURITI,PINCHOTE,DIJKSTRA,true,18.00,18.0,2,4,0.00388
CURITI,SOCORRO,DIJKSTRA,true,34.00,34.0,3,8,0.00698
CURITI,VALLE_SAN_JOSE,DIJKSTRA,true,30.50,24.0,2,6,0.00523
CURITI,PARAMO,DIJKSTRA,true,39.50,30.0,3,9,0.00761
CURITI,MOGOTES,DIJKSTRA,true,65.00,47.0,2,13,0.00974
CURITI,CHARALA,DIJKSTRA,true,74.00,53.0,4,16,0.01177
CURITI,OIBA,DIJKSTRA,true,64.00,64.0,4,12,0.00993
VILLANUEVA,BUCARAMANGA,DIJKSTRA,true,136.00,125.0,8,20,0.01473
VILLANUEVA,FLORIDABLANCA,DIJKSTRA,true,128.00,117.0,7,18,0.01307
VILLANUEVA,PIEDECUESTA,DIJKSTRA,true,118.00,107.0,6,17,0.01298
VILLANUEVA,GIRON,DIJKSTRA,true,145.00,134.0,9,21,0.01477
VILLANUEVA,LEBRIJA,DIJKSTRA,true,162.00,151.0,10,22,0.01601
VILLANUEVA,LOS_SANTOS,DIJKSTRA,true,115.20,48.0,1,15,0.01347
VILLANUEVA,PESCADERO,DIJKSTRA,true,78.00,67.0,5,11,0.01137
VILLANUEVA,PARQUE_CHICAMOCHA,DIJKSTRA,true,66.00,55.0,4,10,0.00858
VILLANUEVA,ARATOCA,DIJKSTRA,true,56.00,45.0,3,7,0.00596
VILLANUEVA,CEPITA,DIJKSTRA,true,116.00,70.0,4,16,0.01140
VILLANUEVA,CURITI,DIJKSTRA,true,44.00,33.0,2,5,0.00484
VILLANUEVA,BARICHARA,DIJKSTRA,true,22.50,15.0,1,2,0.00192
VILLANUEVA,ZAPATOCA,DIJKSTRA,true,130.50,60.0,2,19,0.01435
VILLANUEVA,SAN_GIL,DIJKSTRA,true,33.00,22.0,1,3,0.00248
VILLANUEVA,PINCHOTE,DIJKSTRA,true,40.00,29.0,2,4,0.00417
VILLANUEVA,SOCORRO,DIJKSTRA,true,56.00,45.0,3,8,0.00700
VILLANUEVA,VALLE_SAN_JOSE,DIJKSTRA,true,52.50,35.0,2,6,0.00519
VILLANUEVA,PARAMO,DIJKSTRA,true,61.50,41.0,3,9,0.00743
VILLANUEVA,MOGOTES,DIJKSTRA,true,87.00,58.0,2,13,0.01021
VILLANUEVA,CHARALA,DIJKSTRA,true,96.00,64.0,4,14,0.01032
VILLANUEVA,OIBA,DIJKSTRA,true,86.00,75.0,4,12,0.00972
BARICHARA,BUCARAMANGA,DIJKSTRA,true,133.00,123.0,8,20,0.01377
BARICHARA,FLORIDABLANCA,DIJKSTRA,true,125.00,115.0,7,19,0.01287
BARICHARA,PIEDECUESTA,DIJKSTRA,true,115.00,105.0,6,17,0.01369
BARICHARA,GIRON,DIJKSTRA,true,142.00,132.0,9,21,0.01432
BARICHARA,LEBRIJA,DIJKSTRA,true,159.00,149.0,10,22,0.01585
BARICHARA,LOS_SANTOS,DIJKSTRA,true,118.20,83.0,6,18,0.01270
BARICHARA,PESCADERO,DIJKSTRA,true,75.00,65.0,5,11,0.00858
BARICHARA,PARQUE_CHICAMOCHA,DIJKSTRA,true,63.00,53.0,4,10,0.00785
BARICHARA,ARATOCA,DIJKSTRA,true,53.00,43.0,3,7,0.00577
BARICHARA,CEPITA,DIJKSTRA,true,113.00,68.0,4,16,0.01099
BARICHARA,CURITI,DIJKSTRA,true,41.00,31.0,2,5,0.00472
BARICHARA,VILLANUEVA,DIJKSTRA,true,22.50,15.0,1,2,0.00156
BARICHARA,ZAPATOCA,DIJKSTRA,true,108.00,45.0,1,15,0.01040
BARICHARA,SAN_GIL,DIJKSTRA,true,30.00,20.0,1,3,0.00240
BARICHARA,PINCHOTE,DIJKSTRA,true,37.00,27.0,2,4,0.00414
BARICHARA,SOCORRO,DIJKSTRA,true,53.00,43.0,3,8,0.00681
BARICHARA,VALLE_SAN_JOSE,DIJKSTRA,true,49.50,33.0,2,6,0.00512
BARICHARA,PARAMO,DIJKSTRA,true,58.50,39.0,3,9,0.00735
BARICHARA,MOGOTES,DIJKSTRA,true,84.00,56.0,2,13,0.01002
BARICHARA,CHARALA,DIJKSTRA,true,93.00,62.0,4,14,0.01037
BARICHARA,OIBA,DIJKSTRA,true,83.00,73.0,4,12,0.00985
ZAPATOCA,BUCARAMANGA,DIJKSTRA,true,91.50,64.0,2,3,0.00227
ZAPATOCA,FLORIDABLANCA,DIJKSTRA,true,99.50,72.0,3,5,0.00331
ZAPATOCA,PIEDECUESTA,DIJKSTRA,true,109.50,82.0,4,7,0.00480
ZAPATOCA,GIRON,DIJKSTRA,true,82.50,55.0,1,2,0.00133
ZAPATOCA,LEBRIJA,DIJKSTRA,true,99.50,72.0,2,4,0.00285
ZAPATOCA,LOS_SANTOS,DIJKSTRA,true,159.00,115.0,5,14,0.01038
ZAPATOCA,PESCADERO,DIJKSTRA,true,149.50,122.0,5,12,0.00914
ZAPATOCA,PARQUE_CHICAMOCHA,DIJKSTRA,true,161.50,134.0,6,17,0.01317
ZAPATOCA,ARATOCA,DIJKSTRA,true,161.00,88.0,4,15,0.01205
ZAPATOCA,CEPITA,DIJKSTRA,true,221.00,113.0,5,22,0.01476
ZAPATOCA,CURITI,DIJKSTRA,true,149.00,76.0,3,11,0.00912
ZAPATOCA,VILLANUEVA,DIJKSTRA,true,130.50,60.0,2,8,0.00700
ZAPATOCA,BARICHARA,DIJKSTRA,true,108.00,45.0,1,6,0.00516
ZAPATOCA,SAN_GIL,DIJKSTRA,true,138.00,65.0,2,9,0.00778
ZAPATOCA,PINCHOTE,DIJKSTRA,true,145.00,72.0,3,10,0.01075
ZAPATOCA,SOCORRO,DIJKSTRA,true,161.00,88.0,4,16,0.01651
ZAPATOCA,VALLE_SAN_JOSE,DIJKSTRA,true,157.50,78.0,3,13,0.01444
ZAPATOCA,PARAMO,DIJKSTRA,true,166.50,84.0,4,18,0.01838
ZAPATOCA,MOGOTES,DIJKSTRA,true,192.00,101.0,3,20,0.02109
ZAPATOCA,CHARALA,DIJKSTRA,true,201.00,107.0,5,21,0.01984
ZAPATOCA,OIBA,DIJKSTRA,true,191.00,118.0,5,19,0.01977
SAN_GIL,BUCARAMANGA,DIJKSTRA,true,103.00,103.0,7,19,0.02057
SAN_GIL,FLORIDABLANCA,DIJKSTRA,true,95.00,95.0,6,18,0.01887
SAN_GIL,PIEDECUESTA,DIJKSTRA,true,85.00,85.0,5,16,0.01713
SAN_GIL,GIRON,DIJKSTRA,true,112.00,112.0,8,20,0.02059
SAN_GIL,LEBRIJA,DIJKSTRA,true,129.00,129.0,9,21,0.02206
SAN_GIL,LOS_SANTOS,DIJKSTRA,true,88.20,63.0,5,17,0.01866
SAN_GIL,PESCADERO,DIJKSTRA,true,45.00,45.0,4,11,0.01398
SAN_GIL,PARQUE_CHICAMOCHA,DIJKSTRA,true,33.00,33.0,3,10,0.01103
SAN_GIL,ARATOCA,DIJKSTRA,true,23.00,23.0,2,5,0.00573
SAN_GIL,CEPITA,DIJKSTRA,true,83.00,48.0,3,15,0.01498
SAN_GIL,CURITI,DIJKSTRA,true,11.00,11.0,1,3,0.00419
SAN_GIL,VILLANUEVA,DIJKSTRA,true,33.00,22.0,1,9,0.01001
SAN_GIL,BARICHARA,DIJKSTRA,true,30.00,20.0,1,8,0.00909
SAN_GIL,ZAPATOCA,DIJKSTRA,true,138.00,65.0,2,22,0.02014
SAN_GIL,PINCHOTE,DIJKSTRA,true,7.00,7.0,1,2,0.00325
SAN_GIL,SOCORRO,DIJKSTRA,true,23.00,23.0,2,6,0.00722
SAN_GIL,VALLE_SAN_JOSE,DIJKSTRA,true,19.50,13.0,1,4,0.00507
SAN_GIL,PARAMO,DIJKSTRA,true,28.50,19.0,2,7,0.00785
SAN_GIL,MOGOTES,DIJKSTRA,true,54.00,36.0,1,13,0.01321
SAN_GIL,CHARALA,DIJKSTRA,true,63.00,42.0,3,14,0.01379
SAN_GIL,OIBA,DIJKSTRA,true,53.00,53.0,3,12,0.01315
PINCHOTE,BUCARAMANGA,DIJKSTRA,true,110.00,110.0,8,19,0.01718
PINCHOTE,FLORIDABLANCA,DIJKSTRA,true,102.00,102.0,7,18,0.01736
PINCHOTE,PIEDECUESTA,DIJKSTRA,true,92.00,92.0,6,16,0.01435
PINCHOTE,GIRON,DIJKSTRA,true,119.00,119.0,9,20,0.01684
PINCHOTE,LEBRIJA,DIJKSTRA,true,136.00,136.0,10,21,0.01752
PINCHOTE,LOS_SANTOS,DIJKSTRA,true,95.20,70.0,6,17,0.01332
PINCHOTE,PESCADERO,DIJKSTRA,true,52.00,52.0,5,12,0.00925
PINCHOTE,PARQUE_CHICAMOCHA,DIJKSTRA,true,40.00,40.0,4,10,0.00797
PINCHOTE,ARATOCA,DIJKSTRA,true,30.00,30.0,3,6,0.00490
PINCHOTE,CEPITA,DIJKSTRA,true,90.00,55.0,4,15,0.01109
PINCHOTE,CURITI,DIJKSTRA,true,18.00,18.0,2,4,0.00367
PINCHOTE,VILLANUEVA,DIJKSTRA,true,40.00,29.0,2,9,0.00722
PINCHOTE,BARICHARA,DIJKSTRA,true,37.00,27.0,2,8,0.00679
PINCHOTE,ZAPATOCA,DIJKSTRA,true,145.00,72.0,3,22,0.01456
PINCHOTE,SAN_GIL,DIJKSTRA,true,7.00,7.0,1,2,0.00134
PINCHOTE,SOCORRO,DIJKSTRA,true,16.00,16.0,1,3,0.00294
PINCHOTE,VALLE_SAN_JOSE,DIJKSTRA,true,26.50,20.0,2,5,0.00434
PINCHOTE,PARAMO,DIJKSTRA,true,35.50,26.0,3,7,0.00581
PINCHOTE,MOGOTES,DIJKSTRA,true,61.00,43.0,2,13,0.00981
PINCHOTE,CHARALA,DIJKSTRA,true,70.00,49.0,4,14,0.01089
PINCHOTE,OIBA,DIJKSTRA,true,46.00,46.0,2,11,0.00917
SOCORRO,BUCARAMANGA,DIJKSTRA,true,126.00,126.0,9,19,0.01335
SOCORRO,FLORIDABLANCA,DIJKSTRA,true,118.00,118.0,8,18,0.01299
SOCORRO,PIEDECUESTA,DIJKSTRA,true,108.00,108.0,7,16,0.01148
SOCORRO,GIRON,DIJKSTRA,true,135.00,135.0,10,20,0.01390
SOCORRO,LEBRIJA,DIJKSTRA,true,152.00,152.0,11,21,0.01486
SOCORRO,LOS_SANTOS,DIJKSTRA,true,111.20,86.0,7,17,0.01236
SOCORRO,PESCADERO,DIJKSTRA,true,68.00,68.0,6,12,0.01025
SOCORRO,PARQUE_CHICAMOCHA,DIJKSTRA,true,56.00,56.0,5,10,0.00780
SOCORRO,ARATOCA,DIJKSTRA,true,46.00,46.0,4,7,0.00545
SOCORRO,CEPITA,DIJKSTRA,true,106.00,71.0,5,15,0.01092
SOCORRO,CURITI,DIJKSTRA,true,34.00,34.0,3,5,0.00401
SOCORRO,VILLANUEVA,DIJKSTRA,true,56.00,45.0,3,11,0.00837
SOCORRO,BARICHARA,DIJKSTRA,true,53.00,43.0,3,9,0.00683
SOCORRO,ZAPATOCA,DIJKSTRA,true,161.00,88.0,4,22,0.01438
SOCORRO,SAN_GIL,DIJKSTRA,true,23.00,23.0,2,3,0.00205
SOCORRO,PINCHOTE,DIJKSTRA,true,16.00,16.0,1,2,0.00141
SOCORRO,VALLE_SAN_JOSE,DIJKSTRA,true,42.50,36.0,3,6,0.00468
SOCORRO,PARAMO,DIJKSTRA,true,51.50,42.0,4,8,0.00640
SOCORRO,MOGOTES,DIJKSTRA,true,77.00,59.0,3,13,0.00988
SOCORRO,CHARALA,DIJKSTRA,true,86.00,65.0,5,14,0.01041
SOCORRO,OIBA,DIJKSTRA,true,30.00,30.0,1,4,0.00403
VALLE_SAN_JOSE,BUCARAMANGA,DIJKSTRA,true,122.50,116.0,8,19,0.01332
VALLE_SAN_JOSE,FLORIDABLANCA,DIJKSTRA,true,114.50,108.0,7,18,0.01260
VALLE_SAN_JOSE,PIEDECUESTA,DIJKSTRA,true,104.50,98.0,6,16,0.01304
VALLE_SAN_JOSE,GIRON,DIJKSTRA,true,131.50,125.0,9,20,0.01602
VALLE_SAN_JOSE,LEBRIJA,DIJKSTRA,true,148.50,142.0,10,21,0.01729
VALLE_SAN_JOSE,LOS_SANTOS,DIJKSTRA,true,107.70,76.0,6,17,0.01354
VALLE_SAN_JOSE,PESCADERO,DIJKSTRA,true,64.50,58.0,5,12,0.00901
VALLE_SAN_JOSE,PARQUE_CHICAMOCHA,DIJKSTRA,true,52.50,46.0,4,10,0.00803
VALLE_SAN_JOSE,ARATOCA,DIJKSTRA,true,42.50,36.0,3,7,0.00593
VALLE_SAN_JOSE,CEPITA,DIJKSTRA,true,102.50,61.0,4,15,0.01048
VALLE_SAN_JOSE,CURITI,DIJKSTRA,true,30.50,24.0,2,5,0.00441
VALLE_SAN_JOSE,VILLANUEVA,DIJKSTRA,true,52.50,35.0,2,11,0.00815
VALLE_SAN_JOSE,BARICHARA,DIJKSTRA,true,49.50,33.0,2,9,0.00682
VALLE_SAN_JOSE,ZAPATOCA,DIJKSTRA,true,157.50,78.0,3,22,0.01501
VALLE_SAN_JOSE,SAN_GIL,DIJKSTRA,true,19.50,13.0,1,3,0.00235
VALLE_SAN_JOSE,PINCHOTE,DIJKSTRA,true,26.50,20.0,2,4,0.00362
VALLE_SAN_JOSE,SOCORRO,DIJKSTRA,true,42.50,36.0,3,6,0.00486
VALLE_SAN_JOSE,PARAMO,DIJKSTRA,true,9.00,6.0,1,2,0.00134
VALLE_SAN_JOSE,MOGOTES,DIJKSTRA,true,73.50,49.0,2,14,0.00996
VALLE_SAN_JOSE,CHARALA,DIJKSTRA,true,43.50,29.0,2,8,0.00642
VALLE_SAN_JOSE,OIBA,DIJKSTRA,true,72.50,66.0,4,13,0.00971
PARAMO,BUCARAMANGA,DIJKSTRA,true,131.50,122.0,9,19,0.01382
PARAMO,FLORIDABLANCA,DIJKSTRA,true,123.50,114.0,8,18,0.01237
PARAMO,PIEDECUESTA,DIJKSTRA,true,113.50,104.0,7,16,0.01085
PARAMO,GIRON,DIJKSTRA,true,140.50,131.0,10,20,0.01409
PARAMO,LEBRIJA,DIJKSTRA,true,157.50,148.0,11,21,0.01488
PARAMO,LOS_SANTOS,DIJKSTRA,true,116.70,82.0,7,17,0.01209
PARAMO,PESCADERO,DIJKSTRA,true,73.50,64.0,6,12,0.00919
PARAMO,PARQUE_CHICAMOCHA,DIJKSTRA,true,61.50,52.0,5,10,0.00786
PARAMO,ARATOCA,DIJKSTRA,true,51.50,42.0,4,8,0.00589
PARAMO,CEPITA,DIJKSTRA,true,111.50,67.0,5,15,0.01100
PARAMO,CURITI,DIJKSTRA,true,39.50,30.0,3,6,0.00463
PARAMO,VILLANUEVA,DIJKSTRA,true,61.50,41.0,3,11,0.00831
PARAMO,BARICHARA,DIJKSTRA,true,58.50,39.0,3,9,0.00685
PARAMO,ZAPATOCA,DIJKSTRA,true,166.50,84.0,4,22,0.01499
PARAMO,SAN_GIL,DIJKSTRA,true,28.50,19.0,2,3,0.00202
PARAMO,PINCHOTE,DIJKSTRA,true,35.50,26.0,3,5,0.00402
PARAMO,SOCORRO,DIJKSTRA,true,51.50,42.0,4,7,0.00565
PARAMO,VALLE_SAN_JOSE,DIJKSTRA,true,9.00,6.0,1,2,0.00141
PARAMO,MOGOTES,DIJKSTRA,true,82.50,55.0,3,14,0.01081
PARAMO,CHARALA,DIJKSTRA,true,34.50,23.0,1,4,0.00360
PARAMO,OIBA,DIJKSTRA,true,81.50,72.0,5,13,0.00983
MOGOTES,BUCARAMANGA,DIJKSTRA,true,157.00,139.0,8,19,0.01319
MOGOTES,FLORIDABLANCA,DIJKSTRA,true,149.00,131.0,7,18,0.01266
MOGOTES,PIEDECUESTA,DIJKSTRA,true,139.00,121.0,6,16,0.01091
MOGOTES,GIRON,DIJKSTRA,true,166.00,148.0,9,20,0.01390
MOGOTES,LEBRIJA,DIJKSTRA,true,183.00,165.0,10,21,0.01468
MOGOTES,LOS_SANTOS,DIJKSTRA,true,142.20,99.0,6,17,0.01206
MOGOTES,PESCADERO,DIJKSTRA,true,99.00,81.0,5,12,0.00909
MOGOTES,PARQUE_CHICAMOCHA,DIJKSTRA,true,87.00,69.0,4,11,0.00846
MOGOTES,ARATOCA,DIJKSTRA,true,77.00,59.0,3,6,0.00487
MOGOTES,CEPITA,DIJKSTRA,true,137.00,84.0,4,15,0.01059
MOGOTES,CURITI,DIJKSTRA,true,65.00,47.0,2,4,0.00334
MOGOTES,VILLANUEVA,DIJKSTRA,true,87.00,58.0,2,10,0.00814
MOGOTES,BARICHARA,DIJKSTRA,true,84.00,56.0,2,9,0.00674
MOGOTES,ZAPATOCA,DIJKSTRA,true,192.00,101.0,3,22,0.01390
MOGOTES,SAN_GIL,DIJKSTRA,true,54.00,36.0,1,2,0.00116
MOGOTES,PINCHOTE,DIJKSTRA,true,61.00,43.0,2,3,0.00278
MOGOTES,SOCORRO,DIJKSTRA,true,77.00,59.0,3,7,0.00548
MOGOTES,VALLE_SAN_JOSE,DIJKSTRA,true,73.50,49.0,2,5,0.00405
MOGOTES,PARAMO,DIJKSTRA,true,82.50,55.0,3,8,0.00634
MOGOTES,CHARALA,DIJKSTRA,true,117.00,78.0,4,14,0.01074
MOGOTES,OIBA,DIJKSTRA,true,107.00,89.0,4,13,0.01006
CHARALA,BUCARAMANGA,DIJKSTRA,true,166.00,145.0,10,19,0.01304
CHARALA,FLORIDABLANCA,DIJKSTRA,true,158.00,137.0,9,18,0.01243
CHARALA,PIEDECUESTA,DIJKSTRA,true,148.00,127.0,8,16,0.01138
CHARALA,GIRON,DIJKSTRA,true,175.00,154.0,11,20,0.01386
CHARALA,LEBRIJA,DIJKSTRA,true,192.00,171.0,12,21,0.01476
CHARALA,LOS_SANTOS,DIJKSTRA,true,151.20,105.0,8,17,0.01187
CHARALA,PESCADERO,DIJKSTRA,true,108.00,87.0,7,12,0.01015
CHARALA,PARQUE_CHICAMOCHA,DIJKSTRA,true,96.00,75.0,6,11,0.00868
CHARALA,ARATOCA,DIJKSTRA,true,86.00,65.0,5,8,0.00620
CHARALA,CEPITA,DIJKSTRA,true,146.00,90.0,6,15,0.01075
CHARALA,CURITI,DIJKSTRA,true,74.00,53.0,4,6,0.00496
CHARALA,VILLANUEVA,DIJKSTRA,true,96.00,64.0,4,10,0.00751
CHARALA,BARICHARA,DIJKSTRA,true,93.00,62.0,4,9,0.00696
CHARALA,ZAPATOCA,DIJKSTRA,true,201.00,107.0,5,22,0.01516
CHARALA,SAN_GIL,DIJKSTRA,true,63.00,42.0,3,4,0.00240
CHARALA,PINCHOTE,DIJKSTRA,true,70.00,49.0,4,5,0.00404
CHARALA,SOCORRO,DIJKSTRA,true,86.00,65.0,5,7,0.00531
CHARALA,VALLE_SAN_JOSE,DIJKSTRA,true,43.50,29.0,2,3,0.00176
CHARALA,PARAMO,DIJKSTRA,true,34.50,23.0,1,2,0.00110
CHARALA,MOGOTES,DIJKSTRA,true,117.00,78.0,4,14,0.01048
CHARALA,OIBA,DIJKSTRA,true,116.00,95.0,6,13,0.01002
OIBA,BUCARAMANGA,DIJKSTRA,true,156.00,156.0,10,19,0.01366
OIBA,FLORIDABLANCA,DIJKSTRA,true,148.00,148.0,9,18,0.01285
OIBA,PIEDECUESTA,DIJKSTRA,true,138.00,138.0,8,16,0.01163
OIBA,GIRON,DIJKSTRA,true,165.00,165.0,11,20,0.01368
OIBA,LEBRIJA,DIJKSTRA,true,182.00,182.0,12,21,0.01489
OIBA,LOS_SANTOS,DIJKSTRA,true,141.20,116.0,8,17,0.01196
OIBA,PESCADERO,DIJKSTRA,true,98.00,98.0,7,12,0.00891
OIBA,PARQUE_CHICAMOCHA,DIJKSTRA,true,86.00,86.0,6,11,0.00847
OIBA,ARATOCA,DIJKSTRA,true,76.00,76.0,5,7,0.00528
OIBA,CEPITA,DIJKSTRA,true,136.00,101.0,6,15,0.01149
OIBA,CURITI,DIJKSTRA,true,64.00,64.0,4,5,0.00487
OIBA,VILLANUEVA,DIJKSTRA,true,86.00,75.0,4,10,0.00909
OIBA,BARICHARA,DIJKSTRA,true,83.00,73.0,4,9,0.00689
OIBA,ZAPATOCA,DIJKSTRA,true,191.00,118.0,5,22,0.01769
OIBA,SAN_GIL,DIJKSTRA,true,53.00,53.0,3,4,0.00343
OIBA,PINCHOTE,DIJKSTRA,true,46.00,46.0,2,3,0.00235
OIBA,SOCORRO,DIJKSTRA,true,30.00,30.0,1,2,0.00140
OIBA,VALLE_SAN_JOSE,DIJKSTRA,true,72.50,66.0,4,6,0.00489
OIBA,PARAMO,DIJKSTRA,true,81.50,72.0,5,8,0.00636
OIBA,MOGOTES,DIJKSTRA,true,107.00,89.0,4,13,0.00975
OIBA,CHARALA,DIJKSTRA,true,116.00,95.0,6,14,0.01033
BUCARAMANGA,FLORIDABLANCA,A_ESTRELLA,true,8.00,8.0,1,2,0.00201
BUCARAMANGA,PIEDECUESTA,A_ESTRELLA,true,18.00,18.0,2,3,0.00255
BUCARAMANGA,GIRON,A_ESTRELLA,true,9.00,9.0,1,2,0.00180
BUCARAMANGA,LEBRIJA,A_ESTRELLA,true,26.00,26.0,2,4,0.00396
BUCARAMANGA,LOS_SANTOS,A_ESTRELLA,true,67.50,51.0,3,5,0.00455
BUCARAMANGA,PESCADERO,A_ESTRELLA,true,58.00,58.0,3,5,0.00465
BUCARAMANGA,PARQUE_CHICAMOCHA,A_ESTRELLA,true,70.00,70.0,4,7,0.00588
BUCARAMANGA,ARATOCA,A_ESTRELLA,true,80.00,80.0,5,9,0.00750
BUCARAMANGA,CEPITA,A_ESTRELLA,true,140.00,105.0,6,13,0.01192
BUCARAMANGA,CURITI,A_ESTRELLA,true,92.00,92.0,6,10,0.00853
BUCARAMANGA,VILLANUEVA,A_ESTRELLA,true,136.00,125.0,8,14,0.01328
BUCARAMANGA,BARICHARA,A_ESTRELLA,true,133.00,123.0,8,14,0.01288
BUCARAMANGA,ZAPATOCA,A_ESTRELLA,true,91.50,64.0,2,8,0.00656
BUCARAMANGA,SAN_GIL,A_ESTRELLA,true,103.00,103.0,7,11,0.00935
BUCARAMANGA,PINCHOTE,A_ESTRELLA,true,110.00,110.0,8,12,0.01146
BUCARAMANGA,SOCORRO,A_ESTRELLA,true,126.00,126.0,9,13,0.01262
BUCARAMANGA,VALLE_SAN_JOSE,A_ESTRELLA,true,122.50,116.0,8,13,0.01215
BUCARAMANGA,PARAMO,A_ESTRELLA,true,131.50,122.0,9,14,0.01283
BUCARAMANGA,MOGOTES,A_ESTRELLA,true,157.00,139.0,8,16,0.01468
BUCARAMANGA,CHARALA,A_ESTRELLA,true,166.00,145.0,10,17,0.01503
BUCARAMANGA,OIBA,A_ESTRELLA,true,156.00,156.0,10,17,0.01471
FLORIDABLANCA,BUCARAMANGA,A_ESTRELLA,true,8.00,8.0,1,2,0.00189
FLORIDABLANCA,PIEDECUESTA,A_ESTRELLA,true,10.00,10.0,1,2,0.00184
FLORIDABLANCA,GIRON,A_ESTRELLA,true,17.00,17.0,2,3,0.00256
FLORIDABLANCA,LEBRIJA,A_ESTRELLA,true,34.00,34.0,3,5,0.00462
FLORIDABLANCA,LOS_SANTOS,A_ESTRELLA,true,59.50,43.0,2,5,0.00457
FLORIDABLANCA,PESCADERO,A_ESTRELLA,true,50.00,50.0,2,5,0.00493
FLORIDABLANCA,PARQUE_CHICAMOCHA,A_ESTRELLA,true,62.00,62.0,3,6,0.00566
FLORIDABLANCA,ARATOCA,A_ESTRELLA,true,72.00,72.0,4,8,0.00735
FLORIDABLANCA,CEPITA,A_ESTRELLA,true,132.00,97.0,5,12,0.01128
FLORIDABLANCA,CURITI,A_ESTRELLA,true,84.00,84.0,5,9,0.00855
FLORIDABLANCA,VILLANUEVA,A_ESTRELLA,true,128.00,117.0,7,14,0.01317
FLORIDABLANCA,BARICHARA,A_ESTRELLA,true,125.00,115.0,7,14,0.01313
FLORIDABLANCA,ZAPATOCA,A_ESTRELLA,true,99.50,72.0,3,9,0.00732
FLORIDABLANCA,SAN_GIL,A_ESTRELLA,true,95.00,95.0,6,10,0.00961
FLORIDABLANCA,PINCHOTE,A_ESTRELLA,true,102.00,102.0,7,12,0.01323
FLORIDABLANCA,SOCORRO,A_ESTRELLA,true,118.00,118.0,8,13,0.01228
FLORIDABLANCA,VALLE_SAN_JOSE,A_ESTRELLA,true,114.50,108.0,7,13,0.01194
FLORIDABLANCA,PARAMO,A_ESTRELLA,true,123.50,114.0,8,14,0.01242
FLORIDABLANCA,MOGOTES,A_ESTRELLA,true,149.00,131.0,7,15,0.01339
FLORIDABLANCA,CHARALA,A_ESTRELLA,true,158.00,137.0,9,16,0.01519
FLORIDABLANCA,OIBA,A_ESTRELLA,true,148.00,148.0,9,16,0.01494
PIEDECUESTA,BUCARAMANGA,A_ESTRELLA,true,18.00,18.0,2,3,0.00283
PIEDECUESTA,FLORIDABLANCA,A_ESTRELLA,true,10.00,10.0,1,2,0.00198
PIEDECUESTA,GIRON,A_ESTRELLA,true,27.00,27.0,3,4,0.00343
PIEDECUESTA,LEBRIJA,A_ESTRELLA,true,44.00,44.0,4,5,0.00451
PIEDECUESTA,LOS_SANTOS,A_ESTRELLA,true,49.50,33.0,1,3,0.00265
PIEDECUESTA,PESCADERO,A_ESTRELLA,true,40.00,40.0,1,3,0.00274
PIEDECUESTA,PARQUE_CHICAMOCHA,A_ESTRELLA,true,52.00,52.0,2,4,0.00383
PIEDECUESTA,ARATOCA,A_ESTRELLA,true,62.00,62.0,3,6,0.00511
PIEDECUESTA,CEPITA,A_ESTRELLA,true,122.00,87.0,4,12,0.01159
PIEDECUESTA,CURITI,A_ESTRELLA,true,74.00,74.0,4,7,0.00617
PIEDECUESTA,VILLANUEVA,A_ESTRELLA,true,118.00,107.0,6,13,0.01177
PIEDECUESTA,BARICHARA,A_ESTRELLA,true,115.00,105.0,6,13,0.01176
PIEDECUESTA,ZAPATOCA,A_ESTRELLA,true,109.50,82.0,4,11,0.00931
PIEDECUESTA,SAN_GIL,A_ESTRELLA,true,85.00,85.0,5,10,0.00917
PIEDECUESTA,PINCHOTE,A_ESTRELLA,true,92.00,92.0,6,11,0.01065
PIEDECUESTA,SOCORRO,A_ESTRELLA,true,108.00,108.0,7,12,0.01140
PIEDECUESTA,VALLE_SAN_JOSE,A_ESTRELLA,true,104.50,98.0,6,12,0.01136
PIEDECUESTA,PARAMO,A_ESTRELLA,true,113.50,104.0,7,13,0.01253
PIEDECUESTA,MOGOTES,A_ESTRELLA,true,139.00,121.0,6,15,0.01313
PIEDECUESTA,CHARALA,A_ESTRELLA,true,148.00,127.0,8,16,0.01382
PIEDECUESTA,OIBA,A_ESTRELLA,true,138.00,138.0,8,15,0.01344
GIRON,BUCARAMANGA,A_ESTRELLA,true,9.00,9.0,1,2,0.00200
GIRON,FLORIDABLANCA,A_ESTRELLA,true,17.00,17.0,2,3,0.00282
GIRON,PIEDECUESTA,A_ESTRELLA,true,27.00,27.0,3,4,0.00389
GIRON,LEBRIJA,A_ESTRELLA,true,17.00,17.0,1,2,0.00200
GIRON,LOS_SANTOS,A_ESTRELLA,true,76.50,60.0,4,6,0.00491
GIRON,PESCADERO,A_ESTRELLA,true,67.00,67.0,4,6,0.00484
GIRON,PARQUE_CHICAMOCHA,A_ESTRELLA,true,79.00,79.0,5,7,0.00589
GIRON,ARATOCA,A_ESTRELLA,true,89.00,89.0,6,9,0.00839
GIRON,CEPITA,A_ESTRELLA,true,149.00,114.0,7,13,0.01316
GIRON,CURITI,A_ESTRELLA,true,101.00,101.0,7,10,0.01017
GIRON,VILLANUEVA,A_ESTRELLA,true,145.00,134.0,9,14,0.01459
GIRON,BARICHARA,A_ESTRELLA,true,142.00,132.0,9,14,0.01266
GIRON,ZAPATOCA,A_ESTRELLA,true,82.50,55.0,1,6,0.00471
GIRON,SAN_GIL,A_ESTRELLA,true,112.00,112.0,8,11,0.00926
GIRON,PINCHOTE,A_ESTRELLA,true,119.00,119.0,9,13,0.01233
GIRON,SOCORRO,A_ESTRELLA,true,135.00,135.0,10,14,0.01266
GIRON,VALLE_SAN_JOSE,A_ESTRELLA,true,131.50,125.0,9,14,0.01307
GIRON,PARAMO,A_ESTRELLA,true,140.50,131.0,10,15,0.01314
GIRON,MOGOTES,A_ESTRELLA,true,166.00,148.0,9,16,0.01439
GIRON,CHARALA,A_ESTRELLA,true,175.00,154.0,11,17,0.01467
GIRON,OIBA,A_ESTRELLA,true,165.00,165.0,11,17,0.01500
LEBRIJA,BUCARAMANGA,A_ESTRELLA,true,26.00,26.0,2,3,0.00244
LEBRIJA,FLORIDABLANCA,A_ESTRELLA,true,34.00,34.0,3,4,0.00311
LEBRIJA,PIEDECUESTA,A_ESTRELLA,true,44.00,44.0,4,5,0.00393
LEBRIJA,GIRON,A_ESTRELLA,true,17.00,17.0,1,2,0.00173
LEBRIJA,LOS_SANTOS,A_ESTRELLA,true,93.50,77.0,5,6,0.00498
LEBRIJA,PESCADERO,A_ESTRELLA,true,84.00,84.0,5,6,0.00483
LEBRIJA,PARQUE_CHICAMOCHA,A_ESTRELLA,true,96.00,96.0,6,7,0.00580
LEBRIJA,ARATOCA,A_ESTRELLA,true,106.00,106.0,7,9,0.00730
LEBRIJA,CEPITA,A_ESTRELLA,true,166.00,131.0,8,13,0.01196
LEBRIJA,CURITI,A_ESTRELLA,true,118.00,118.0,8,10,0.00850
LEBRIJA,VILLANUEVA,A_ESTRELLA,true,162.00,151.0,10,14,0.01326
LEBRIJA,BARICHARA,A_ESTRELLA,true,159.00,149.0,10,14,0.01266
LEBRIJA,ZAPATOCA,A_ESTRELLA,true,99.50,72.0,2,6,0.00486
LEBRIJA,SAN_GIL,A_ESTRELLA,true,129.00,129.0,9,11,0.00930
LEBRIJA,PINCHOTE,A_ESTRELLA,true,136.00,136.0,10,13,0.01207
LEBRIJA,SOCORRO,A_ESTRELLA,true,152.00,152.0,11,14,0.01332
LEBRIJA,VALLE_SAN_JOSE,A_ESTRELLA,true,148.50,142.0,10,14,0.01274
LEBRIJA,PARAMO,A_ESTRELLA,true,157.50,148.0,11,15,0.01358
LEBRIJA,MOGOTES,A_ESTRELLA,true,183.00,165.0,10,16,0.01489
LEBRIJA,CHARALA,A_ESTRELLA,true,192.00,171.0,12,17,0.01550
LEBRIJA,OIBA,A_ESTRELLA,true,182.00,182.0,12,17,0.01580
LOS_SANTOS,BUCARAMANGA,A_ESTRELLA,true,67.50,51.0,3,4,0.00375
LOS_SANTOS,FLORIDABLANCA,A_ESTRELLA,true,59.50,43.0,2,3,0.00305
LOS_SANTOS,PIEDECUESTA,A_ESTRELLA,true,49.50,33.0,1,2,0.00210
LOS_SANTOS,GIRON,A_ESTRELLA,true,76.50,60.0,4,6,0.00530
LOS_SANTOS,LEBRIJA,A_ESTRELLA,true,93.50,77.0,5,7,0.00666
LOS_SANTOS,PESCADERO,A_ESTRELLA,true,43.20,18.0,1,2,0.00202
LOS_SANTOS,PARQUE_CHICAMOCHA,A_ESTRELLA,true,55.20,30.0,2,3,0.00294
LOS_SANTOS,ARATOCA,A_ESTRELLA,true,65.20,40.0,3,4,0.00368
LOS_SANTOS,CEPITA,A_ESTRELLA,true,125.20,65.0,4,11,0.01064
LOS_SANTOS,CURITI,A_ESTRELLA,true,77.20,52.0,4,5,0.00470
LOS_SANTOS,VILLANUEVA,A_ESTRELLA,true,115.20,48.0,1,10,0.00946
LOS_SANTOS,BARICHARA,A_ESTRELLA,true,118.20,83.0,6,10,0.00960
LOS_SANTOS,ZAPATOCA,A_ESTRELLA,true,159.00,115.0,5,18,0.01517
LOS_SANTOS,SAN_GIL,A_ESTRELLA,true,88.20,63.0,5,6,0.00545
LOS_SANTOS,PINCHOTE,A_ESTRELLA,true,95.20,70.0,6,7,0.00754
LOS_SANTOS,SOCORRO,A_ESTRELLA,true,111.20,86.0,7,8,0.00811
LOS_SANTOS,VALLE_SAN_JOSE,A_ESTRELLA,true,107.70,76.0,6,8,0.00806
LOS_SANTOS,PARAMO,A_ESTRELLA,true,116.70,82.0,7,10,0.01006
LOS_SANTOS,MOGOTES,A_ESTRELLA,true,142.20,99.0,6,13,0.01180
LOS_SANTOS,CHARALA,A_ESTRELLA,true,151.20,105.0,8,13,0.01177
LOS_SANTOS,OIBA,A_ESTRELLA,true,141.20,116.0,8,12,0.01123
PESCADERO,BUCARAMANGA,A_ESTRELLA,true,58.00,58.0,3,5,0.00440
PESCADERO,FLORIDABLANCA,A_ESTRELLA,true,50.00,50.0,2,4,0.00366
PESCADERO,PIEDECUESTA,A_ESTRELLA,true,40.00,40.0,1,3,0.00276
PESCADERO,GIRON,A_ESTRELLA,true,67.00,67.0,4,7,0.00651
PESCADERO,LEBRIJA,A_ESTRELLA,true,84.00,84.0,5,8,0.00849
PESCADERO,LOS_SANTOS,A_ESTRELLA,true,43.20,18.0,1,4,0.00370
PESCADERO,PARQUE_CHICAMOCHA,A_ESTRELLA,true,12.00,12.0,1,2,0.00234
PESCADERO,ARATOCA,A_ESTRELLA,true,22.00,22.0,2,3,0.00274
PESCADERO,CEPITA,A_ESTRELLA,true,82.00,47.0,3,8,0.00841
PESCADERO,CURITI,A_ESTRELLA,true,34.00,34.0,3,4,0.00404
PESCADERO,VILLANUEVA,A_ESTRELLA,true,78.00,67.0,5,9,0.00928
PESCADERO,BARICHARA,A_ESTRELLA,true,75.00,65.0,5,8,0.00839
PESCADERO,ZAPATOCA,A_ESTRELLA,true,149.50,122.0,5,20,0.01638
PESCADERO,SAN_GIL,A_ESTRELLA,true,45.00,45.0,4,5,0.00533
PESCADERO,PINCHOTE,A_ESTRELLA,true,52.00,52.0,5,6,0.00709
PESCADERO,SOCORRO,A_ESTRELLA,true,68.00,68.0,6,7,0.00798
PESCADERO,VALLE_SAN_JOSE,A_ESTRELLA,true,64.50,58.0,5,7,0.00731
PESCADERO,PARAMO,A_ESTRELLA,true,73.50,64.0,6,8,0.00863
PESCADERO,MOGOTES,A_ESTRELLA,true,99.00,81.0,5,11,0.01106
PESCADERO,CHARALA,A_ESTRELLA,true,108.00,87.0,7,11,0.01015
PESCADERO,OIBA,A_ESTRELLA,true,98.00,98.0,7,10,0.00964
PARQUE_CHICAMOCHA,BUCARAMANGA,A_ESTRELLA,true,70.00,70.0,4,6,0.00543
PARQUE_CHICAMOCHA,FLORIDABLANCA,A_ESTRELLA,true,62.00,62.0,3,5,0.00490
PARQUE_CHICAMOCHA,PIEDECUESTA,A_ESTRELLA,true,52.00,52.0,2,4,0.00422
PARQUE_CHICAMOCHA,GIRON,A_ESTRELLA,true,79.00,79.0,5,8,0.00676
PARQUE_CHICAMOCHA,LEBRIJA,A_ESTRELLA,true,96.00,96.0,6,10,0.00998
PARQUE_CHICAMOCHA,LOS_SANTOS,A_ESTRELLA,true,55.20,30.0,2,5,0.00443
PARQUE_CHICAMOCHA,PESCADERO,A_ESTRELLA,true,12.00,12.0,1,2,0.00168
PARQUE_CHICAMOCHA,ARATOCA,A_ESTRELLA,true,10.00,10.0,1,2,0.00169
PARQUE_CHICAMOCHA,CEPITA,A_ESTRELLA,true,70.00,35.0,2,7,0.00726
PARQUE_CHICAMOCHA,CURITI,A_ESTRELLA,true,22.00,22.0,2,3,0.00271
PARQUE_CHICAMOCHA,VILLANUEVA,A_ESTRELLA,true,66.00,55.0,4,7,0.00751
PARQUE_CHICAMOCHA,BARICHARA,A_ESTRELLA,true,63.00,53.0,4,7,0.00790
PARQUE_CHICAMOCHA,ZAPATOCA,A_ESTRELLA,true,161.50,134.0,6,22,0.01707
PARQUE_CHICAMOCHA,SAN_GIL,A_ESTRELLA,true,33.00,33.0,3,4,0.00346
PARQUE_CHICAMOCHA,PINCHOTE,A_ESTRELLA,true,40.00,40.0,4,5,0.00550
PARQUE_CHICAMOCHA,SOCORRO,A_ESTRELLA,true,56.00,56.0,5,6,0.00624
PARQUE_CHICAMOCHA,VALLE_SAN_JOSE,A_ESTRELLA,true,52.50,46.0,4,6,0.00619
PARQUE_CHICAMOCHA,PARAMO,A_ESTRELLA,true,61.50,52.0,5,8,0.00800
PARQUE_CHICAMOCHA,MOGOTES,A_ESTRELLA,true,87.00,69.0,4,9,0.00955
PARQUE_CHICAMOCHA,CHARALA,A_ESTRELLA,true,96.00,75.0,6,10,0.00935
PARQUE_CHICAMOCHA,OIBA,A_ESTRELLA,true,86.00,86.0,6,10,0.00960
ARATOCA,BUCARAMANGA,A_ESTRELLA,true,80.00,80.0,5,7,0.00610
ARATOCA,FLORIDABLANCA,A_ESTRELLA,true,72.00,72.0,4,6,0.00543
ARATOCA,PIEDECUESTA,A_ESTRELLA,true,62.00,62.0,3,5,0.00448
ARATOCA,GIRON,A_ESTRELLA,true,89.00,89.0,6,9,0.00959
ARATOCA,LEBRIJA,A_ESTRELLA,true,106.00,106.0,7,12,0.01281
ARATOCA,LOS_SANTOS,A_ESTRELLA,true,65.20,40.0,3,7,0.00902
ARATOCA,PESCADERO,A_ESTRELLA,true,22.00,22.0,2,3,0.00281
ARATOCA,PARQUE_CHICAMOCHA,A_ESTRELLA,true,10.00,10.0,1,2,0.00206
ARATOCA,CEPITA,A_ESTRELLA,true,60.00,25.0,1,6,0.00774
ARATOCA,CURITI,A_ESTRELLA,true,12.00,12.0,1,2,0.00263
ARATOCA,VILLANUEVA,A_ESTRELLA,true,56.00,45.0,3,7,0.00828
ARATOCA,BARICHARA,A_ESTRELLA,true,53.00,43.0,3,7,0.00937
ARATOCA,ZAPATOCA,A_ESTRELLA,true,161.00,88.0,4,22,0.01741
ARATOCA,SAN_GIL,A_ESTRELLA,true,23.00,23.0,2,3,0.00281
ARATOCA,PINCHOTE,A_ESTRELLA,true,30.00,30.0,3,4,0.00471
ARATOCA,SOCORRO,A_ESTRELLA,true,46.00,46.0,4,5,0.00557
ARATOCA,VALLE_SAN_JOSE,A_ESTRELLA,true,42.50,36.0,3,5,0.00673
ARATOCA,PARAMO,A_ESTRELLA,true,51.50,42.0,4,6,0.00677
ARATOCA,MOGOTES,A_ESTRELLA,true,77.00,59.0,3,9,0.00890
ARATOCA,CHARALA,A_ESTRELLA,true,86.00,65.0,5,10,0.00943
ARATOCA,OIBA,A_ESTRELLA,true,76.00,76.0,5,9,0.00913
CEPITA,BUCARAMANGA,A_ESTRELLA,true,140.00,105.0,6,8,0.00728
CEPITA,FLORIDABLANCA,A_ESTRELLA,true,132.00,97.0,5,7,0.00596
CEPITA,PIEDECUESTA,A_ESTRELLA,true,122.00,87.0,4,6,0.00503
CEPITA,GIRON,A_ESTRELLA,true,149.00,114.0,7,10,0.01085
CEPITA,LEBRIJA,A_ESTRELLA,true,166.00,131.0,8,13,0.01278
CEPITA,LOS_SANTOS,A_ESTRELLA,true,125.20,65.0,4,8,0.00836
CEPITA,PESCADERO,A_ESTRELLA,true,82.00,47.0,3,4,0.00346
CEPITA,PARQUE_CHICAMOCHA,A_ESTRELLA,true,70.00,35.0,2,3,0.00249
CEPITA,ARATOCA,A_ESTRELLA,true,60.00,25.0,1,2,0.00122
CEPITA,CURITI,A_ESTRELLA,true,72.00,37.0,2,3,0.00226
CEPITA,VILLANUEVA,A_ESTRELLA,true,116.00,70.0,4,8,0.00771
CEPITA,BARICHARA,A_ESTRELLA,true,113.00,68.0,4,8,0.00857
CEPITA,ZAPATOCA,A_ESTRELLA,true,221.00,113.0,5,22,0.01685
CEPITA,SAN_GIL,A_ESTRELLA,true,83.00,48.0,3,4,0.00308
CEPITA,PINCHOTE,A_ESTRELLA,true,90.00,55.0,4,5,0.00517
CEPITA,SOCORRO,A_ESTRELLA,true,106.00,71.0,5,6,0.00596
CEPITA,VALLE_SAN_JOSE,A_ESTRELLA,true,102.50,61.0,4,6,0.00575
CEPITA,PARAMO,A_ESTRELLA,true,111.50,67.0,5,7,0.00666
CEPITA,MOGOTES,A_ESTRELLA,true,137.00,84.0,4,10,0.01109
CEPITA,CHARALA,A_ESTRELLA,true,146.00,90.0,6,11,0.01033
CEPITA,OIBA,A_ESTRELLA,true,136.00,101.0,6,10,0.00909
CURITI,BUCARAMANGA,A_ESTRELLA,true,92.00,92.0,6,9,0.00878
CURITI,FLORIDABLANCA,A_ESTRELLA,true,84.00,84.0,5,8,0.00823
CURITI,PIEDECUESTA,A_ESTRELLA,true,74.00,74.0,4,7,0.00803
CURITI,GIRON,A_ESTRELLA,true,101.00,101.0,7,13,0.01239
CURITI,LEBRIJA,A_ESTRELLA,true,118.00,118.0,8,16,0.01417
CURITI,LOS_SANTOS,A_ESTRELLA,true,77.20,52.0,4,11,0.01019
CURITI,PESCADERO,A_ESTRELLA,true,34.00,34.0,3,4,0.00330
CURITI,PARQUE_CHICAMOCHA,A_ESTRELLA,true,22.00,22.0,2,3,0.00264
CURITI,ARATOCA,A_ESTRELLA,true,12.00,12.0,1,2,0.00201
CURITI,CEPITA,A_ESTRELLA,true,72.00,37.0,2,10,0.00940
CURITI,VILLANUEVA,A_ESTRELLA,true,44.00,33.0,2,6,0.00595
CURITI,BARICHARA,A_ESTRELLA,true,41.00,31.0,2,5,0.00530
CURITI,ZAPATOCA,A_ESTRELLA,true,149.00,76.0,3,21,0.01600
CURITI,SAN_GIL,A_ESTRELLA,true,11.00,11.0,1,2,0.00154
CURITI,PINCHOTE,A_ESTRELLA,true,18.00,18.0,2,3,0.00355
CURITI,SOCORRO,A_ESTRELLA,true,34.00,34.0,3,4,0.00430
CURITI,VALLE_SAN_JOSE,A_ESTRELLA,true,30.50,24.0,2,4,0.00537
CURITI,PARAMO,A_ESTRELLA,true,39.50,30.0,3,5,0.00497
CURITI,MOGOTES,A_ESTRELLA,true,65.00,47.0,2,8,0.00758
CURITI,CHARALA,A_ESTRELLA,true,74.00,53.0,4,8,0.00747
CURITI,OIBA,A_ESTRELLA,true,64.00,64.0,4,7,0.00641
VILLANUEVA,BUCARAMANGA,A_ESTRELLA,true,136.00,125.0,8,13,0.01279
VILLANUEVA,FLORIDABLANCA,A_ESTRELLA,true,128.00,117.0,7,12,0.01152
VILLANUEVA,PIEDECUESTA,A_ESTRELLA,true,118.00,107.0,6,10,0.00948
VILLANUEVA,GIRON,A_ESTRELLA,true,145.00,134.0,9,15,0.01307
VILLANUEVA,LEBRIJA,A_ESTRELLA,true,162.00,151.0,10,17,0.01463
VILLANUEVA,LOS_SANTOS,A_ESTRELLA,true,115.20,48.0,1,12,0.01100
VILLANUEVA,PESCADERO,A_ESTRELLA,true,78.00,67.0,5,8,0.00787
VILLANUEVA,PARQUE_CHICAMOCHA,A_ESTRELLA,true,66.00,55.0,4,6,0.00652
VILLANUEVA,ARATOCA,A_ESTRELLA,true,56.00,45.0,3,5,0.00527
VILLANUEVA,CEPITA,A_ESTRELLA,true,116.00,70.0,4,12,0.01072
VILLANUEVA,CURITI,A_ESTRELLA,true,44.00,33.0,2,4,0.00458
VILLANUEVA,BARICHARA,A_ESTRELLA,true,22.50,15.0,1,2,0.00188
VILLANUEVA,ZAPATOCA,A_ESTRELLA,true,130.50,60.0,2,12,0.01082
VILLANUEVA,SAN_GIL,A_ESTRELLA,true,33.00,22.0,1,2,0.00216
VILLANUEVA,PINCHOTE,A_ESTRELLA,true,40.00,29.0,2,4,0.00461
VILLANUEVA,SOCORRO,A_ESTRELLA,true,56.00,45.0,3,5,0.00613
VILLANUEVA,VALLE_SAN_JOSE,A_ESTRELLA,true,52.50,35.0,2,5,0.00536
VILLANUEVA,PARAMO,A_ESTRELLA,true,61.50,41.0,3,6,0.00599
VILLANUEVA,MOGOTES,A_ESTRELLA,true,87.00,58.0,2,9,0.00831
VILLANUEVA,CHARALA,A_ESTRELLA,true,96.00,64.0,4,9,0.00814
VILLANUEVA,OIBA,A_ESTRELLA,true,86.00,75.0,4,8,0.00746
BARICHARA,BUCARAMANGA,A_ESTRELLA,true,133.00,123.0,8,13,0.01242
BARICHARA,FLORIDABLANCA,A_ESTRELLA,true,125.00,115.0,7,12,0.01222
BARICHARA,PIEDECUESTA,A_ESTRELLA,true,115.00,105.0,6,10,0.00967
BARICHARA,GIRON,A_ESTRELLA,true,142.00,132.0,9,16,0.01480
BARICHARA,LEBRIJA,A_ESTRELLA,true,159.00,149.0,10,17,0.01538
BARICHARA,LOS_SANTOS,A_ESTRELLA,true,118.20,83.0,6,12,0.01113
BARICHARA,PESCADERO,A_ESTRELLA,true,75.00,65.0,5,8,0.00844
BARICHARA,PARQUE_CHICAMOCHA,A_ESTRELLA,true,63.00,53.0,4,6,0.00640
BARICHARA,ARATOCA,A_ESTRELLA,true,53.00,43.0,3,5,0.00531
BARICHARA,CEPITA,A_ESTRELLA,true,113.00,68.0,4,12,0.01142
BARICHARA,CURITI,A_ESTRELLA,true,41.00,31.0,2,4,0.00456
BARICHARA,VILLANUEVA,A_ESTRELLA,true,22.50,15.0,1,2,0.00195
BARICHARA,ZAPATOCA,A_ESTRELLA,true,108.00,45.0,1,12,0.01095
BARICHARA,SAN_GIL,A_ESTRELLA,true,30.00,20.0,1,2,0.00187
BARICHARA,PINCHOTE,A_ESTRELLA,true,37.00,27.0,2,3,0.00373
BARICHARA,SOCORRO,A_ESTRELLA,true,53.00,43.0,3,5,0.00574
BARICHARA,VALLE_SAN_JOSE,A_ESTRELLA,true,49.50,33.0,2,5,0.00526
BARICHARA,PARAMO,A_ESTRELLA,true,58.50,39.0,3,6,0.00602
BARICHARA,MOGOTES,A_ESTRELLA,true,84.00,56.0,2,9,0.00879
BARICHARA,CHARALA,A_ESTRELLA,true,93.00,62.0,4,9,0.00822
BARICHARA,OIBA,A_ESTRELLA,true,83.00,73.0,4,8,0.00746
ZAPATOCA,BUCARAMANGA,A_ESTRELLA,true,91.50,64.0,2,3,0.00259
ZAPATOCA,FLORIDABLANCA,A_ESTRELLA,true,99.50,72.0,3,4,0.00330
ZAPATOCA,PIEDECUESTA,A_ESTRELLA,true,109.50,82.0,4,5,0.00404
ZAPATOCA,GIRON,A_ESTRELLA,true,82.50,55.0,1,2,0.00159
ZAPATOCA,LEBRIJA,A_ESTRELLA,true,99.50,72.0,2,3,0.00257
ZAPATOCA,LOS_SANTOS,A_ESTRELLA,true,159.00,115.0,5,9,0.00707
ZAPATOCA,PESCADERO,A_ESTRELLA,true,149.50,122.0,5,8,0.00740
ZAPATOCA,PARQUE_CHICAMOCHA,A_ESTRELLA,true,161.50,134.0,6,10,0.00840
ZAPATOCA,ARATOCA,A_ESTRELLA,true,161.00,88.0,4,11,0.00975
ZAPATOCA,CEPITA,A_ESTRELLA,true,221.00,113.0,5,19,0.01576
ZAPATOCA,CURITI,A_ESTRELLA,true,149.00,76.0,3,7,0.00740
ZAPATOCA,VILLANUEVA,A_ESTRELLA,true,130.50,60.0,2,4,0.00371
ZAPATOCA,BARICHARA,A_ESTRELLA,true,108.00,45.0,1,2,0.00180
ZAPATOCA,SAN_GIL,A_ESTRELLA,true,138.00,65.0,2,3,0.00307
ZAPATOCA,PINCHOTE,A_ESTRELLA,true,145.00,72.0,3,5,0.00739
ZAPATOCA,SOCORRO,A_ESTRELLA,true,161.00,88.0,4,7,0.00762
ZAPATOCA,VALLE_SAN_JOSE,A_ESTRELLA,true,157.50,78.0,3,7,0.00713
ZAPATOCA,PARAMO,A_ESTRELLA,true,166.50,84.0,4,8,0.00914
ZAPATOCA,MOGOTES,A_ESTRELLA,true,192.00,101.0,3,16,0.01613
ZAPATOCA,CHARALA,A_ESTRELLA,true,201.00,107.0,5,15,0.01344
ZAPATOCA,OIBA,A_ESTRELLA,true,191.00,118.0,5,11,0.01000
SAN_GIL,BUCARAMANGA,A_ESTRELLA,true,103.00,103.0,7,13,0.01190
SAN_GIL,FLORIDABLANCA,A_ESTRELLA,true,95.00,95.0,6,12,0.01097
SAN_GIL,PIEDECUESTA,A_ESTRELLA,true,85.00,85.0,5,10,0.00988
SAN_GIL,GIRON,A_ESTRELLA,true,112.00,112.0,8,15,0.01359
SAN_GIL,LEBRIJA,A_ESTRELLA,true,129.00,129.0,9,16,0.01430
SAN_GIL,LOS_SANTOS,A_ESTRELLA,true,88.20,63.0,5,12,0.01098
SAN_GIL,PESCADERO,A_ESTRELLA,true,45.00,45.0,4,6,0.00609
SAN_GIL,PARQUE_CHICAMOCHA,A_ESTRELLA,true,33.00,33.0,3,4,0.00507
SAN_GIL,ARATOCA,A_ESTRELLA,true,23.00,23.0,2,3,0.00359
SAN_GIL,CEPITA,A_ESTRELLA,true,83.00,48.0,3,12,0.01090
SAN_GIL,CURITI,A_ESTRELLA,true,11.00,11.0,1,2,0.00285
SAN_GIL,VILLANUEVA,A_ESTRELLA,true,33.00,22.0,1,4,0.00425
SAN_GIL,BARICHARA,A_ESTRELLA,true,30.00,20.0,1,4,0.00427
SAN_GIL,ZAPATOCA,A_ESTRELLA,true,138.00,65.0,2,19,0.01524
SAN_GIL,PINCHOTE,A_ESTRELLA,true,7.00,7.0,1,2,0.00281
SAN_GIL,SOCORRO,A_ESTRELLA,true,23.00,23.0,2,3,0.00403
SAN_GIL,VALLE_SAN_JOSE,A_ESTRELLA,true,19.50,13.0,1,3,0.00354
SAN_GIL,PARAMO,A_ESTRELLA,true,28.50,19.0,2,4,0.00434
SAN_GIL,MOGOTES,A_ESTRELLA,true,54.00,36.0,1,7,0.00681
SAN_GIL,CHARALA,A_ESTRELLA,true,63.00,42.0,3,7,0.00632
SAN_GIL,OIBA,A_ESTRELLA,true,53.00,53.0,3,6,0.00576
PINCHOTE,BUCARAMANGA,A_ESTRELLA,true,110.00,110.0,8,13,0.01168
PINCHOTE,FLORIDABLANCA,A_ESTRELLA,true,102.00,102.0,7,12,0.01228
PINCHOTE,PIEDECUESTA,A_ESTRELLA,true,92.00,92.0,6,11,0.00987
PINCHOTE,GIRON,A_ESTRELLA,true,119.00,119.0,9,15,0.01309
PINCHOTE,LEBRIJA,A_ESTRELLA,true,136.00,136.0,10,16,0.01419
PINCHOTE,LOS_SANTOS,A_ESTRELLA,true,95.20,70.0,6,12,0.01138
PINCHOTE,PESCADERO,A_ESTRELLA,true,52.00,52.0,5,6,0.00599
PINCHOTE,PARQUE_CHICAMOCHA,A_ESTRELLA,true,40.00,40.0,4,5,0.00530
PINCHOTE,ARATOCA,A_ESTRELLA,true,30.00,30.0,3,4,0.00424
PINCHOTE,CEPITA,A_ESTRELLA,true,90.00,55.0,4,12,0.01082
PINCHOTE,CURITI,A_ESTRELLA,true,18.00,18.0,2,3,0.00355
PINCHOTE,VILLANUEVA,A_ESTRELLA,true,40.00,29.0,2,4,0.00424
PINCHOTE,BARICHARA,A_ESTRELLA,true,37.00,27.0,2,5,0.00503
PINCHOTE,ZAPATOCA,A_ESTRELLA,true,145.00,72.0,3,19,0.01504
PINCHOTE,SAN_GIL,A_ESTRELLA,true,7.00,7.0,1,2,0.00152
PINCHOTE,SOCORRO,A_ESTRELLA,true,16.00,16.0,1,2,0.00151
PINCHOTE,VALLE_SAN_JOSE,A_ESTRELLA,true,26.50,20.0,2,3,0.00354
PINCHOTE,PARAMO,A_ESTRELLA,true,35.50,26.0,3,5,0.00494
PINCHOTE,MOGOTES,A_ESTRELLA,true,61.00,43.0,2,8,0.00756
PINCHOTE,CHARALA,A_ESTRELLA,true,70.00,49.0,4,8,0.00674
PINCHOTE,OIBA,A_ESTRELLA,true,46.00,46.0,2,4,0.00428
SOCORRO,BUCARAMANGA,A_ESTRELLA,true,126.00,126.0,9,13,0.01166
SOCORRO,FLORIDABLANCA,A_ESTRELLA,true,118.00,118.0,8,12,0.01132
SOCORRO,PIEDECUESTA,A_ESTRELLA,true,108.00,108.0,7,11,0.01003
SOCORRO,GIRON,A_ESTRELLA,true,135.00,135.0,10,16,0.01361
SOCORRO,LEBRIJA,A_ESTRELLA,true,152.00,152.0,11,17,0.01467
SOCORRO,LOS_SANTOS,A_ESTRELLA,true,111.20,86.0,7,13,0.01168
SOCORRO,PESCADERO,A_ESTRELLA,true,68.00,68.0,6,7,0.00688
SOCORRO,PARQUE_CHICAMOCHA,A_ESTRELLA,true,56.00,56.0,5,6,0.00605
SOCORRO,ARATOCA,A_ESTRELLA,true,46.00,46.0,4,5,0.00505
SOCORRO,CEPITA,A_ESTRELLA,true,106.00,71.0,5,13,0.01170
SOCORRO,CURITI,A_ESTRELLA,true,34.00,34.0,3,4,0.00440
SOCORRO,VILLANUEVA,A_ESTRELLA,true,56.00,45.0,3,5,0.00496
SOCORRO,BARICHARA,A_ESTRELLA,true,53.00,43.0,3,5,0.00532
SOCORRO,ZAPATOCA,A_ESTRELLA,true,161.00,88.0,4,19,0.01455
SOCORRO,SAN_GIL,A_ESTRELLA,true,23.00,23.0,2,3,0.00227
SOCORRO,PINCHOTE,A_ESTRELLA,true,16.00,16.0,1,2,0.00161
SOCORRO,VALLE_SAN_JOSE,A_ESTRELLA,true,42.50,36.0,3,4,0.00451
SOCORRO,PARAMO,A_ESTRELLA,true,51.50,42.0,4,5,0.00501
SOCORRO,MOGOTES,A_ESTRELLA,true,77.00,59.0,3,9,0.00801
SOCORRO,CHARALA,A_ESTRELLA,true,86.00,65.0,5,8,0.00712
SOCORRO,OIBA,A_ESTRELLA,true,30.00,30.0,1,2,0.00153
VALLE_SAN_JOSE,BUCARAMANGA,A_ESTRELLA,true,122.50,116.0,8,14,0.01236
VALLE_SAN_JOSE,FLORIDABLANCA,A_ESTRELLA,true,114.50,108.0,7,13,0.01152
VALLE_SAN_JOSE,PIEDECUESTA,A_ESTRELLA,true,104.50,98.0,6,11,0.01005
VALLE_SAN_JOSE,GIRON,A_ESTRELLA,true,131.50,125.0,9,16,0.01380
VALLE_SAN_JOSE,LEBRIJA,A_ESTRELLA,true,148.50,142.0,10,17,0.01681
VALLE_SAN_JOSE,LOS_SANTOS,A_ESTRELLA,true,107.70,76.0,6,13,0.01117
VALLE_SAN_JOSE,PESCADERO,A_ESTRELLA,true,64.50,58.0,5,8,0.00728
VALLE_SAN_JOSE,PARQUE_CHICAMOCHA,A_ESTRELLA,true,52.50,46.0,4,5,0.00510
VALLE_SAN_JOSE,ARATOCA,A_ESTRELLA,true,42.50,36.0,3,4,0.00422
VALLE_SAN_JOSE,CEPITA,A_ESTRELLA,true,102.50,61.0,4,13,0.01167
VALLE_SAN_JOSE,CURITI,A_ESTRELLA,true,30.50,24.0,2,3,0.00442
VALLE_SAN_JOSE,VILLANUEVA,A_ESTRELLA,true,52.50,35.0,2,6,0.00544
VALLE_SAN_JOSE,BARICHARA,A_ESTRELLA,true,49.50,33.0,2,6,0.00546
VALLE_SAN_JOSE,ZAPATOCA,A_ESTRELLA,true,157.50,78.0,3,19,0.01425
VALLE_SAN_JOSE,SAN_GIL,A_ESTRELLA,true,19.50,13.0,1,2,0.00152
VALLE_SAN_JOSE,PINCHOTE,A_ESTRELLA,true,26.50,20.0,2,4,0.00417
VALLE_SAN_JOSE,SOCORRO,A_ESTRELLA,true,42.50,36.0,3,5,0.00481
VALLE_SAN_JOSE,PARAMO,A_ESTRELLA,true,9.00,6.0,1,2,0.00146
VALLE_SAN_JOSE,MOGOTES,A_ESTRELLA,true,73.50,49.0,2,8,0.00746
VALLE_SAN_JOSE,CHARALA,A_ESTRELLA,true,43.50,29.0,2,3,0.00230
VALLE_SAN_JOSE,OIBA,A_ESTRELLA,true,72.50,66.0,4,7,0.00593
PARAMO,BUCARAMANGA,A_ESTRELLA,true,131.50,122.0,9,15,0.01268
PARAMO,FLORIDABLANCA,A_ESTRELLA,true,123.50,114.0,8,14,0.01160
PARAMO,PIEDECUESTA,A_ESTRELLA,true,113.50,104.0,7,12,0.01011
PARAMO,GIRON,A_ESTRELLA,true,140.50,131.0,10,16,0.01359
PARAMO,LEBRIJA,A_ESTRELLA,true,157.50,148.0,11,17,0.01414
PARAMO,LOS_SANTOS,A_ESTRELLA,true,116.70,82.0,7,13,0.01093
PARAMO,PESCADERO,A_ESTRELLA,true,73.50,64.0,6,8,0.00733
PARAMO,PARQUE_CHICAMOCHA,A_ESTRELLA,true,61.50,52.0,5,6,0.00617
PARAMO,ARATOCA,A_ESTRELLA,true,51.50,42.0,4,5,0.00482
PARAMO,CEPITA,A_ESTRELLA,true,111.50,67.0,5,13,0.01085
PARAMO,CURITI,A_ESTRELLA,true,39.50,30.0,3,4,0.00413
PARAMO,VILLANUEVA,A_ESTRELLA,true,61.50,41.0,3,6,0.00552
PARAMO,BARICHARA,A_ESTRELLA,true,58.50,39.0,3,6,0.00548
PARAMO,ZAPATOCA,A_ESTRELLA,true,166.50,84.0,4,19,0.01442
PARAMO,SAN_GIL,A_ESTRELLA,true,28.50,19.0,2,3,0.00218
PARAMO,PINCHOTE,A_ESTRELLA,true,35.50,26.0,3,4,0.00452
PARAMO,SOCORRO,A_ESTRELLA,true,51.50,42.0,4,5,0.00490
PARAMO,VALLE_SAN_JOSE,A_ESTRELLA,true,9.00,6.0,1,2,0.00148
PARAMO,MOGOTES,A_ESTRELLA,true,82.50,55.0,3,8,0.00764
PARAMO,CHARALA,A_ESTRELLA,true,34.50,23.0,1,3,0.00222
PARAMO,OIBA,A_ESTRELLA,true,81.50,72.0,5,7,0.00606
MOGOTES,BUCARAMANGA,A_ESTRELLA,true,157.00,139.0,8,14,0.01188
MOGOTES,FLORIDABLANCA,A_ESTRELLA,true,149.00,131.0,7,13,0.01100
MOGOTES,PIEDECUESTA,A_ESTRELLA,true,139.00,121.0,6,11,0.00979
MOGOTES,GIRON,A_ESTRELLA,true,166.00,148.0,9,16,0.01313
MOGOTES,LEBRIJA,A_ESTRELLA,true,183.00,165.0,10,17,0.01427
MOGOTES,LOS_SANTOS,A_ESTRELLA,true,142.20,99.0,6,13,0.01100
MOGOTES,PESCADERO,A_ESTRELLA,true,99.00,81.0,5,7,0.00672
MOGOTES,PARQUE_CHICAMOCHA,A_ESTRELLA,true,87.00,69.0,4,5,0.00487
MOGOTES,ARATOCA,A_ESTRELLA,true,77.00,59.0,3,4,0.00386
MOGOTES,CEPITA,A_ESTRELLA,true,137.00,84.0,4,13,0.01095
MOGOTES,CURITI,A_ESTRELLA,true,65.00,47.0,2,3,0.00332
MOGOTES,VILLANUEVA,A_ESTRELLA,true,87.00,58.0,2,5,0.00457
MOGOTES,BARICHARA,A_ESTRELLA,true,84.00,56.0,2,5,0.00452
MOGOTES,ZAPATOCA,A_ESTRELLA,true,192.00,101.0,3,19,0.01443
MOGOTES,SAN_GIL,A_ESTRELLA,true,54.00,36.0,1,2,0.00145
MOGOTES,PINCHOTE,A_ESTRELLA,true,61.00,43.0,2,3,0.00315
MOGOTES,SOCORRO,A_ESTRELLA,true,77.00,59.0,3,4,0.00390
MOGOTES,VALLE_SAN_JOSE,A_ESTRELLA,true,73.50,49.0,2,4,0.00384
MOGOTES,PARAMO,A_ESTRELLA,true,82.50,55.0,3,5,0.00451
MOGOTES,CHARALA,A_ESTRELLA,true,117.00,78.0,4,8,0.00670
MOGOTES,OIBA,A_ESTRELLA,true,107.00,89.0,4,7,0.00593
CHARALA,BUCARAMANGA,A_ESTRELLA,true,166.00,145.0,10,15,0.01252
CHARALA,FLORIDABLANCA,A_ESTRELLA,true,158.00,137.0,9,14,0.01208
CHARALA,PIEDECUESTA,A_ESTRELLA,true,148.00,127.0,8,12,0.01017
CHARALA,GIRON,A_ESTRELLA,true,175.00,154.0,11,16,0.01327
CHARALA,LEBRIJA,A_ESTRELLA,true,192.00,171.0,12,17,0.01464
CHARALA,LOS_SANTOS,A_ESTRELLA,true,151.20,105.0,8,13,0.01134
CHARALA,PESCADERO,A_ESTRELLA,true,108.00,87.0,7,9,0.00763
CHARALA,PARQUE_CHICAMOCHA,A_ESTRELLA,true,96.00,75.0,6,7,0.00628
CHARALA,ARATOCA,A_ESTRELLA,true,86.00,65.0,5,6,0.00525
CHARALA,CEPITA,A_ESTRELLA,true,146.00,90.0,6,13,0.01108
CHARALA,CURITI,A_ESTRELLA,true,74.00,53.0,4,5,0.00450
CHARALA,VILLANUEVA,A_ESTRELLA,true,96.00,64.0,4,7,0.00591
CHARALA,BARICHARA,A_ESTRELLA,true,93.00,62.0,4,7,0.00625
CHARALA,ZAPATOCA,A_ESTRELLA,true,201.00,107.0,5,19,0.01442
CHARALA,SAN_GIL,A_ESTRELLA,true,63.00,42.0,3,4,0.00258
CHARALA,PINCHOTE,A_ESTRELLA,true,70.00,49.0,4,5,0.00457
CHARALA,SOCORRO,A_ESTRELLA,true,86.00,65.0,5,6,0.00520
CHARALA,VALLE_SAN_JOSE,A_ESTRELLA,true,43.50,29.0,2,3,0.00185
CHARALA,PARAMO,A_ESTRELLA,true,34.50,23.0,1,2,0.00116
CHARALA,MOGOTES,A_ESTRELLA,true,117.00,78.0,4,8,0.00724
CHARALA,OIBA,A_ESTRELLA,true,116.00,95.0,6,7,0.00589
OIBA,BUCARAMANGA,A_ESTRELLA,true,156.00,156.0,10,14,0.01212
OIBA,FLORIDABLANCA,A_ESTRELLA,true,148.00,148.0,9,13,0.01102
OIBA,PIEDECUESTA,A_ESTRELLA,true,138.00,138.0,8,12,0.00997
OIBA,GIRON,A_ESTRELLA,true,165.00,165.0,11,16,0.01319
OIBA,LEBRIJA,A_ESTRELLA,true,182.00,182.0,12,17,0.01433
OIBA,LOS_SANTOS,A_ESTRELLA,true,141.20,116.0,8,13,0.01112
OIBA,PESCADERO,A_ESTRELLA,true,98.00,98.0,7,8,0.00696
OIBA,PARQUE_CHICAMOCHA,A_ESTRELLA,true,86.00,86.0,6,7,0.00631
OIBA,ARATOCA,A_ESTRELLA,true,76.00,76.0,5,6,0.00530
OIBA,CEPITA,A_ESTRELLA,true,136.00,101.0,6,13,0.01106
OIBA,CURITI,A_ESTRELLA,true,64.00,64.0,4,5,0.00482
OIBA,VILLANUEVA,A_ESTRELLA,true,86.00,75.0,4,6,0.00512
OIBA,BARICHARA,A_ESTRELLA,true,83.00,73.0,4,6,0.00523
OIBA,ZAPATOCA,A_ESTRELLA,true,191.00,118.0,5,19,0.01435
OIBA,SAN_GIL,A_ESTRELLA,true,53.00,53.0,3,4,0.00256
OIBA,PINCHOTE,A_ESTRELLA,true,46.00,46.0,2,3,0.00181
OIBA,SOCORRO,A_ESTRELLA,true,30.00,30.0,1,2,0.00115
OIBA,VALLE_SAN_JOSE,A_ESTRELLA,true,72.50,66.0,4,5,0.00452
OIBA,PARAMO,A_ESTRELLA,true,81.50,72.0,5,6,0.00522
OIBA,MOGOTES,A_ESTRELLA,true,107.00,89.0,4,9,0.00760
OIBA,CHARALA,A_ESTRELLA,true,116.00,95.0,6,8,0.00706
BUCARAMANGA,FLORIDABLANCA,MENOS_TRAMOS,true,8.00,8.0,1,2,0.00073
BUCARAMANGA,PIEDECUESTA,MENOS_TRAMOS,true,18.00,18.0,2,4,0.00043
BUCARAMANGA,GIRON,MENOS_TRAMOS,true,9.00,9.0,1,3,0.00030
BUCARAMANGA,LEBRIJA,MENOS_TRAMOS,true,26.00,26.0,2,5,0.00051
BUCARAMANGA,LOS_SANTOS,MENOS_TRAMOS,true,67.50,51.0,3,8,0.00075
BUCARAMANGA,PESCADERO,MENOS_TRAMOS,true,58.00,58.0,3,7,0.00064
BUCARAMANGA,PARQUE_CHICAMOCHA,MENOS_TRAMOS,true,70.00,70.0,4,10,0.00096
BUCARAMANGA,ARATOCA,MENOS_TRAMOS,true,80.00,80.0,5,13,0.00136
BUCARAMANGA,CEPITA,MENOS_TRAMOS,true,140.00,105.0,6,18,0.00169
BUCARAMANGA,CURITI,MENOS_TRAMOS,true,240.50,140.0,5,14,0.00142
BUCARAMANGA,VILLANUEVA,MENOS_TRAMOS,true,182.70,99.0,4,11,0.00103
BUCARAMANGA,BARICHARA,MENOS_TRAMOS,true,199.50,109.0,3,9,0.00089
BUCARAMANGA,ZAPATOCA,MENOS_TRAMOS,true,91.50,64.0,2,6,0.00055
BUCARAMANGA,SAN_GIL,MENOS_TRAMOS,true,229.50,129.0,4,12,0.00113
BUCARAMANGA,PINCHOTE,MENOS_TRAMOS,true,236.50,136.0,5,15,0.00153
BUCARAMANGA,SOCORRO,MENOS_TRAMOS,true,252.50,152.0,6,19,0.00173
BUCARAMANGA,VALLE_SAN_JOSE,MENOS_TRAMOS,true,249.00,142.0,5,16,0.00159
BUCARAMANGA,PARAMO,MENOS_TRAMOS,true,258.00,148.0,6,20,0.00182
BUCARAMANGA,MOGOTES,MENOS_TRAMOS,true,283.50,165.0,5,17,0.00162
BUCARAMANGA,CHARALA,MENOS_TRAMOS,true,292.50,171.0,7,22,0.00205
BUCARAMANGA,OIBA,MENOS_TRAMOS,true,282.50,182.0,7,21,0.00193
FLORIDABLANCA,BUCARAMANGA,MENOS_TRAMOS,true,8.00,8.0,1,2,0.00024
FLORIDABLANCA,PIEDECUESTA,MENOS_TRAMOS,true,10.00,10.0,1,3,0.00030
FLORIDABLANCA,GIRON,MENOS_TRAMOS,true,17.00,17.0,2,4,0.00043
FLORIDABLANCA,LEBRIJA,MENOS_TRAMOS,true,34.00,34.0,3,7,0.00072
FLORIDABLANCA,LOS_SANTOS,MENOS_TRAMOS,true,59.50,43.0,2,6,0.00062
FLORIDABLANCA,PESCADERO,MENOS_TRAMOS,true,50.00,50.0,2,5,0.00052
FLORIDABLANCA,PARQUE_CHICAMOCHA,MENOS_TRAMOS,true,62.00,62.0,3,9,0.00082
FLORIDABLANCA,ARATOCA,MENOS_TRAMOS,true,72.00,72.0,4,12,0.00114
FLORIDABLANCA,CEPITA,MENOS_TRAMOS,true,132.00,97.0,5,15,0.00150
FLORIDABLANCA,CURITI,MENOS_TRAMOS,true,84.00,84.0,5,14,0.00154
FLORIDABLANCA,VILLANUEVA,MENOS_TRAMOS,true,174.70,91.0,3,10,0.00117
FLORIDABLANCA,BARICHARA,MENOS_TRAMOS,true,207.50,117.0,4,11,0.00105
FLORIDABLANCA,ZAPATOCA,MENOS_TRAMOS,true,99.50,72.0,3,8,0.00075
FLORIDABLANCA,SAN_GIL,MENOS_TRAMOS,true,207.70,113.0,4,13,0.00126
FLORIDABLANCA,PINCHOTE,MENOS_TRAMOS,true,214.70,120.0,5,16,0.00159
FLORIDABLANCA,SOCORRO,MENOS_TRAMOS,true,230.70,136.0,6,19,0.00177
FLORIDABLANCA,VALLE_SAN_JOSE,MENOS_TRAMOS,true,227.20,126.0,5,17,0.00161
FLORIDABLANCA,PARAMO,MENOS_TRAMOS,true,236.20,132.0,6,20,0.00190
FLORIDABLANCA,MOGOTES,MENOS_TRAMOS,true,261.70,149.0,5,18,0.00167
FLORIDABLANCA,CHARALA,MENOS_TRAMOS,true,270.70,155.0,7,22,0.00192
FLORIDABLANCA,OIBA,MENOS_TRAMOS,true,260.70,166.0,7,21,0.00193
PIEDECUESTA,BUCARAMANGA,MENOS_TRAMOS,true,18.00,18.0,2,5,0.00057
PIEDECUESTA,FLORIDABLANCA,MENOS_TRAMOS,true,10.00,10.0,1,2,0.00027
PIEDECUESTA,GIRON,MENOS_TRAMOS,true,27.00,27.0,3,8,0.00079
PIEDECUESTA,LEBRIJA,MENOS_TRAMOS,true,44.00,44.0,4,12,0.00130
PIEDECUESTA,LOS_SANTOS,MENOS_TRAMOS,true,49.50,33.0,1,4,0.00041
PIEDECUESTA,PESCADERO,MENOS_TRAMOS,true,40.00,40.0,1,3,0.00032
PIEDECUESTA,PARQUE_CHICAMOCHA,MENOS_TRAMOS,true,52.00,52.0,2,6,0.00061
PIEDECUESTA,ARATOCA,MENOS_TRAMOS,true,62.00,62.0,3,9,0.00096
PIEDECUESTA,CEPITA,MENOS_TRAMOS,true,122.00,87.0,4,15,0.00147
PIEDECUESTA,CURITI,MENOS_TRAMOS,true,74.00,74.0,4,14,0.00143
PIEDECUESTA,VILLANUEVA,MENOS_TRAMOS,true,164.70,81.0,2,7,0.00067
PIEDECUESTA,BARICHARA,MENOS_TRAMOS,true,187.20,96.0,3,11,0.00122
PIEDECUESTA,ZAPATOCA,MENOS_TRAMOS,true,109.50,82.0,4,13,0.00133
PIEDECUESTA,SAN_GIL,MENOS_TRAMOS,true,197.70,103.0,3,10,0.00103
PIEDECUESTA,PINCHOTE,MENOS_TRAMOS,true,204.70,110.0,4,16,0.00153
PIEDECUESTA,SOCORRO,MENOS_TRAMOS,true,220.70,126.0,5,19,0.00181
PIEDECUESTA,VALLE_SAN_JOSE,MENOS_TRAMOS,true,217.20,116.0,4,17,0.00155
PIEDECUESTA,PARAMO,MENOS_TRAMOS,true,226.20,122.0,5,20,0.00178
PIEDECUESTA,MOGOTES,MENOS_TRAMOS,true,251.70,139.0,4,18,0.00166
PIEDECUESTA,CHARALA,MENOS_TRAMOS,true,260.70,145.0,6,22,0.00191
PIEDECUESTA,OIBA,MENOS_TRAMOS,true,250.70,156.0,6,21,0.00189
GIRON,BUCARAMANGA,MENOS_TRAMOS,true,9.00,9.0,1,2,0.00026
GIRON,FLORIDABLANCA,MENOS_TRAMOS,true,17.00,17.0,2,5,0.00048
GIRON,PIEDECUESTA,MENOS_TRAMOS,true,27.00,27.0,3,7,0.00065
GIRON,LEBRIJA,MENOS_TRAMOS,true,17.00,17.0,1,3,0.00034
GIRON,LOS_SANTOS,MENOS_TRAMOS,true,76.50,60.0,4,11,0.00118
GIRON,PESCADERO,MENOS_TRAMOS,true,67.00,67.0,4,10,0.00107
GIRON,PARQUE_CHICAMOCHA,MENOS_TRAMOS,true,79.00,79.0,5,16,0.00154
GIRON,ARATOCA,MENOS_TRAMOS,true,243.50,143.0,5,17,0.00166
GIRON,CEPITA,MENOS_TRAMOS,true,303.50,168.0,6,20,0.00210
GIRON,CURITI,MENOS_TRAMOS,true,231.50,131.0,4,12,0.00125
GIRON,VILLANUEVA,MENOS_TRAMOS,true,213.00,115.0,3,8,0.00073
GIRON,BARICHARA,MENOS_TRAMOS,true,190.50,100.0,2,6,0.00054
GIRON,ZAPATOCA,MENOS_TRAMOS,true,82.50,55.0,1,4,0.00036
GIRON,SAN_GIL,MENOS_TRAMOS,true,220.50,120.0,3,9,0.00096
GIRON,PINCHOTE,MENOS_TRAMOS,true,227.50,127.0,4,13,0.00132
GIRON,SOCORRO,MENOS_TRAMOS,true,243.50,143.0,5,18,0.00171
GIRON,VALLE_SAN_JOSE,MENOS_TRAMOS,true,240.00,133.0,4,14,0.00139
GIRON,PARAMO,MENOS_TRAMOS,true,249.00,139.0,5,19,0.00176
GIRON,MOGOTES,MENOS_TRAMOS,true,274.50,156.0,4,15,0.00152
GIRON,CHARALA,MENOS_TRAMOS,true,283.50,162.0,6,22,0.00191
GIRON,OIBA,MENOS_TRAMOS,true,273.50,173.0,6,21,0.00198
LEBRIJA,BUCARAMANGA,MENOS_TRAMOS,true,26.00,26.0,2,3,0.00034
LEBRIJA,FLORIDABLANCA,MENOS_TRAMOS,true,34.00,34.0,3,5,0.00050
LEBRIJA,PIEDECUESTA,MENOS_TRAMOS,true,44.00,44.0,4,7,0.00069
LEBRIJA,GIRON,MENOS_TRAMOS,true,17.00,17.0,1,2,0.00021
LEBRIJA,LOS_SANTOS,MENOS_TRAMOS,true,93.50,77.0,5,11,0.00126
LEBRIJA,PESCADERO,MENOS_TRAMOS,true,84.00,84.0,5,10,0.00110
LEBRIJA,PARQUE_CHICAMOCHA,MENOS_TRAMOS,true,96.00,96.0,6,16,0.00161
LEBRIJA,ARATOCA,MENOS_TRAMOS,true,260.50,160.0,6,17,0.00160
LEBRIJA,CEPITA,MENOS_TRAMOS,true,320.50,185.0,7,20,0.00183
LEBRIJA,CURITI,MENOS_TRAMOS,true,248.50,148.0,5,12,0.00140
LEBRIJA,VILLANUEVA,MENOS_TRAMOS,true,230.00,132.0,4,8,0.00076
LEBRIJA,BARICHARA,MENOS_TRAMOS,true,207.50,117.0,3,6,0.00055
LEBRIJA,ZAPATOCA,MENOS_TRAMOS,true,99.50,72.0,2,4,0.00041
LEBRIJA,SAN_GIL,MENOS_TRAMOS,true,237.50,137.0,4,9,0.00105
LEBRIJA,PINCHOTE,MENOS_TRAMOS,true,244.50,144.0,5,13,0.00141
LEBRIJA,SOCORRO,MENOS_TRAMOS,true,260.50,160.0,6,18,0.00172
LEBRIJA,VALLE_SAN_JOSE,MENOS_TRAMOS,true,257.00,150.0,5,14,0.00144
LEBRIJA,PARAMO,MENOS_TRAMOS,true,266.00,156.0,6,19,0.00179
LEBRIJA,MOGOTES,MENOS_TRAMOS,true,291.50,173.0,5,15,0.00151
LEBRIJA,CHARALA,MENOS_TRAMOS,true,300.50,179.0,7,22,0.00196
LEBRIJA,OIBA,MENOS_TRAMOS,true,290.50,190.0,7,21,0.00197
LOS_SANTOS,BUCARAMANGA,MENOS_TRAMOS,true,67.50,51.0,3,9,0.00114
LOS_SANTOS,FLORIDABLANCA,MENOS_TRAMOS,true,59.50,43.0,2,5,0.00057
LOS_SANTOS,PIEDECUESTA,MENOS_TRAMOS,true,49.50,33.0,1,2,0.00026
LOS_SANTOS,GIRON,MENOS_TRAMOS,true,76.50,60.0,4,16,0.00157
LOS_SANTOS,LEBRIJA,MENOS_TRAMOS,true,93.50,77.0,5,20,0.00182
LOS_SANTOS,PESCADERO,MENOS_TRAMOS,true,43.20,18.0,1,4,0.00044
LOS_SANTOS,PARQUE_CHICAMOCHA,MENOS_TRAMOS,true,55.20,30.0,2,8,0.00122
LOS_SANTOS,ARATOCA,MENOS_TRAMOS,true,65.20,40.0,3,15,0.00168
LOS_SANTOS,CEPITA,MENOS_TRAMOS,true,125.20,65.0,4,19,0.00175
LOS_SANTOS,CURITI,MENOS_TRAMOS,true,159.20,81.0,3,10,0.00114
LOS_SANTOS,VILLANUEVA,MENOS_TRAMOS,true,115.20,48.0,1,3,0.00036
LOS_SANTOS,BARICHARA,MENOS_TRAMOS,true,137.70,63.0,2,7,0.00085
LOS_SANTOS,ZAPATOCA,MENOS_TRAMOS,true,245.70,108.0,3,14,0.00140
LOS_SANTOS,SAN_GIL,MENOS_TRAMOS,true,148.20,70.0,2,6,0.00064
LOS_SANTOS,PINCHOTE,MENOS_TRAMOS,true,155.20,77.0,3,11,0.00120
LOS_SANTOS,SOCORRO,MENOS_TRAMOS,true,171.20,93.0,4,17,0.00164
LOS_SANTOS,VALLE_SAN_JOSE,MENOS_TRAMOS,true,167.70,83.0,3,12,0.00133
LOS_SANTOS,PARAMO,MENOS_TRAMOS,true,176.70,89.0,4,18,0.00169
LOS_SANTOS,MOGOTES,MENOS_TRAMOS,true,202.20,106.0,3,13,0.00135
LOS_SANTOS,CHARALA,MENOS_TRAMOS,true,211.20,112.0,5,22,0.00189
LOS_SANTOS,OIBA,MENOS_TRAMOS,true,201.20,123.0,5,21,0.00187
PESCADERO,BUCARAMANGA,MENOS_TRAMOS,true,58.00,58.0,3,8,0.00083
PESCADERO,FLORIDABLANCA,MENOS_TRAMOS,true,50.00,50.0,2,5,0.00054
PESCADERO,PIEDECUESTA,MENOS_TRAMOS,true,40.00,40.0,1,2,0.00027
PESCADERO,GIRON,MENOS_TRAMOS,true,67.00,67.0,4,13,0.00146
PESCADERO,LEBRIJA,MENOS_TRAMOS,true,84.00,84.0,5,18,0.00167
PESCADERO,LOS_SANTOS,MENOS_TRAMOS,true,43.20,18.0,1,4,0.00043
PESCADERO,PARQUE_CHICAMOCHA,MENOS_TRAMOS,true,12.00,12.0,1,3,0.00036
PESCADERO,ARATOCA,MENOS_TRAMOS,true,22.00,22.0,2,6,0.00061
PESCADERO,CEPITA,MENOS_TRAMOS,true,82.00,47.0,3,10,0.00097
PESCADERO,CURITI,MENOS_TRAMOS,true,34.00,34.0,3,9,0.00095
PESCADERO,VILLANUEVA,MENOS_TRAMOS,true,158.40,66.0,2,7,0.00070
PESCADERO,BARICHARA,MENOS_TRAMOS,true,180.90,81.0,3,12,0.00122
PESCADERO,ZAPATOCA,MENOS_TRAMOS,true,288.90,126.0,4,17,0.00164
PESCADERO,SAN_GIL,MENOS_TRAMOS,true,191.40,88.0,3,11,0.00105
PESCADERO,PINCHOTE,MENOS_TRAMOS,true,198.40,95.0,4,14,0.00146
PESCADERO,SOCORRO,MENOS_TRAMOS,true,214.40,111.0,5,19,0.00174
PESCADERO,VALLE_SAN_JOSE,MENOS_TRAMOS,true,210.90,101.0,4,15,0.00147
PESCADERO,PARAMO,MENOS_TRAMOS,true,219.90,107.0,5,20,0.00178
PESCADERO,MOGOTES,MENOS_TRAMOS,true,245.40,124.0,4,16,0.00153
PESCADERO,CHARALA,MENOS_TRAMOS,true,254.40,130.0,6,22,0.00191
PESCADERO,OIBA,MENOS_TRAMOS,true,244.40,141.0,6,21,0.00190
PARQUE_CHICAMOCHA,BUCARAMANGA,MENOS_TRAMOS,true,70.00,70.0,4,11,0.00131
PARQUE_CHICAMOCHA,FLORIDABLANCA,MENOS_TRAMOS,true,62.00,62.0,3,8,0.00078
PARQUE_CHICAMOCHA,PIEDECUESTA,MENOS_TRAMOS,true,52.00,52.0,2,4,0.00047
PARQUE_CHICAMOCHA,GIRON,MENOS_TRAMOS,true,79.00,79.0,5,16,0.00154
PARQUE_CHICAMOCHA,LEBRIJA,MENOS_TRAMOS,true,96.00,96.0,6,20,0.00219
PARQUE_CHICAMOCHA,LOS_SANTOS,MENOS_TRAMOS,true,55.20,30.0,2,5,0.00055
PARQUE_CHICAMOCHA,PESCADERO,MENOS_TRAMOS,true,12.00,12.0,1,2,0.00024
PARQUE_CHICAMOCHA,ARATOCA,MENOS_TRAMOS,true,10.00,10.0,1,3,0.00032
PARQUE_CHICAMOCHA,CEPITA,MENOS_TRAMOS,true,70.00,35.0,2,7,0.00071
PARQUE_CHICAMOCHA,CURITI,MENOS_TRAMOS,true,22.00,22.0,2,6,0.00063
PARQUE_CHICAMOCHA,VILLANUEVA,MENOS_TRAMOS,true,170.40,78.0,3,9,0.00084
PARQUE_CHICAMOCHA,BARICHARA,MENOS_TRAMOS,true,192.90,93.0,4,12,0.00131
PARQUE_CHICAMOCHA,ZAPATOCA,MENOS_TRAMOS,true,300.90,138.0,5,17,0.00165
PARQUE_CHICAMOCHA,SAN_GIL,MENOS_TRAMOS,true,33.00,33.0,3,10,0.00098
PARQUE_CHICAMOCHA,PINCHOTE,MENOS_TRAMOS,true,40.00,40.0,4,13,0.00132
PARQUE_CHICAMOCHA,SOCORRO,MENOS_TRAMOS,true,56.00,56.0,5,18,0.00166
PARQUE_CHICAMOCHA,VALLE_SAN_JOSE,MENOS_TRAMOS,true,52.50,46.0,4,14,0.00139
PARQUE_CHICAMOCHA,PARAMO,MENOS_TRAMOS,true,61.50,52.0,5,19,0.00172
PARQUE_CHICAMOCHA,MOGOTES,MENOS_TRAMOS,true,87.00,69.0,4,15,0.00145
PARQUE_CHICAMOCHA,CHARALA,MENOS_TRAMOS,true,96.00,75.0,6,22,0.00201
PARQUE_CHICAMOCHA,OIBA,MENOS_TRAMOS,true,86.00,86.0,6,21,0.00190
ARATOCA,BUCARAMANGA,MENOS_TRAMOS,true,80.00,80.0,5,18,0.00171
ARATOCA,FLORIDABLANCA,MENOS_TRAMOS,true,72.00,72.0,4,14,0.00137
ARATOCA,PIEDECUESTA,MENOS_TRAMOS,true,62.00,62.0,3,7,0.00079
ARATOCA,GIRON,MENOS_TRAMOS,true,243.50,143.0,5,19,0.00172
ARATOCA,LEBRIJA,MENOS_TRAMOS,true,260.50,160.0,6,22,0.00197
ARATOCA,LOS_SANTOS,MENOS_TRAMOS,true,65.20,40.0,3,8,0.00097
ARATOCA,PESCADERO,MENOS_TRAMOS,true,22.00,22.0,2,5,0.00047
ARATOCA,PARQUE_CHICAMOCHA,MENOS_TRAMOS,true,10.00,10.0,1,2,0.00027
ARATOCA,CEPITA,MENOS_TRAMOS,true,60.00,25.0,1,4,0.00040
ARATOCA,CURITI,MENOS_TRAMOS,true,12.00,12.0,1,3,0.00034
ARATOCA,VILLANUEVA,MENOS_TRAMOS,true,56.00,45.0,3,9,0.00100
ARATOCA,BARICHARA,MENOS_TRAMOS,true,53.00,43.0,3,10,0.00114
ARATOCA,ZAPATOCA,MENOS_TRAMOS,true,161.00,88.0,4,15,0.00144
ARATOCA,SAN_GIL,MENOS_TRAMOS,true,23.00,23.0,2,6,0.00056
ARATOCA,PINCHOTE,MENOS_TRAMOS,true,30.00,30.0,3,11,0.00116
ARATOCA,SOCORRO,MENOS_TRAMOS,true,46.00,46.0,4,16,0.00151
ARATOCA,VALLE_SAN_JOSE,MENOS_TRAMOS,true,42.50,36.0,3,12,0.00134
ARATOCA,PARAMO,MENOS_TRAMOS,true,51.50,42.0,4,17,0.00158
ARATOCA,MOGOTES,MENOS_TRAMOS,true,77.00,59.0,3,13,0.00130
ARATOCA,CHARALA,MENOS_TRAMOS,true,86.00,65.0,5,21,0.00184
ARATOCA,OIBA,MENOS_TRAMOS,true,76.00,76.0,5,20,0.00186
CEPITA,BUCARAMANGA,MENOS_TRAMOS,true,140.00,105.0,6,18,0.00169
CEPITA,FLORIDABLANCA,MENOS_TRAMOS,true,132.00,97.0,5,14,0.00140
CEPITA,PIEDECUESTA,MENOS_TRAMOS,true,122.00,87.0,4,7,0.00082
CEPITA,GIRON,MENOS_TRAMOS,true,303.50,168.0,6,19,0.00224
CEPITA,LEBRIJA,MENOS_TRAMOS,true,320.50,185.0,7,22,0.00194
CEPITA,LOS_SANTOS,MENOS_TRAMOS,true,125.20,65.0,4,8,0.00093
CEPITA,PESCADERO,MENOS_TRAMOS,true,82.00,47.0,3,5,0.00049
CEPITA,PARQUE_CHICAMOCHA,MENOS_TRAMOS,true,70.00,35.0,2,3,0.00034
CEPITA,ARATOCA,MENOS_TRAMOS,true,60.00,25.0,1,2,0.00022
CEPITA,CURITI,MENOS_TRAMOS,true,72.00,37.0,2,4,0.00042
CEPITA,VILLANUEVA,MENOS_TRAMOS,true,116.00,70.0,4,9,0.00102
CEPITA,BARICHARA,MENOS_TRAMOS,true,113.00,68.0,4,10,0.00120
CEPITA,ZAPATOCA,MENOS_TRAMOS,true,221.00,113.0,5,15,0.00148
CEPITA,SAN_GIL,MENOS_TRAMOS,true,83.00,48.0,3,6,0.00059
CEPITA,PINCHOTE,MENOS_TRAMOS,true,90.00,55.0,4,11,0.00127
CEPITA,SOCORRO,MENOS_TRAMOS,true,106.00,71.0,5,16,0.00152
CEPITA,VALLE_SAN_JOSE,MENOS_TRAMOS,true,102.50,61.0,4,12,0.00125
CEPITA,PARAMO,MENOS_TRAMOS,true,111.50,67.0,5,17,0.00160
CEPITA,MOGOTES,MENOS_TRAMOS,true,137.00,84.0,4,13,0.00132
CEPITA,CHARALA,MENOS_TRAMOS,true,146.00,90.0,6,21,0.00189
CEPITA,OIBA,MENOS_TRAMOS,true,136.00,101.0,6,20,0.00189
CURITI,BUCARAMANGA,MENOS_TRAMOS,true,240.50,140.0,5,21,0.00196
CURITI,FLORIDABLANCA,MENOS_TRAMOS,true,84.00,84.0,5,20,0.00180
CURITI,PIEDECUESTA,MENOS_TRAMOS,true,74.00,74.0,4,16,0.00148
CURITI,GIRON,MENOS_TRAMOS,true,231.50,131.0,4,17,0.00157
CURITI,LEBRIJA,MENOS_TRAMOS,true,248.50,148.0,5,22,0.00189
CURITI,LOS_SANTOS,MENOS_TRAMOS,true,159.20,81.0,3,12,0.00119
CURITI,PESCADERO,MENOS_TRAMOS,true,34.00,34.0,3,11,0.00109
CURITI,PARQUE_CHICAMOCHA,MENOS_TRAMOS,true,22.00,22.0,2,4,0.00056
CURITI,ARATOCA,MENOS_TRAMOS,true,12.00,12.0,1,2,0.00036
CURITI,CEPITA,MENOS_TRAMOS,true,72.00,37.0,2,5,0.00061
CURITI,VILLANUEVA,MENOS_TRAMOS,true,44.00,33.0,2,6,0.00064
CURITI,BARICHARA,MENOS_TRAMOS,true,41.00,31.0,2,7,0.00073
CURITI,ZAPATOCA,MENOS_TRAMOS,true,149.00,76.0,3,13,0.00126
CURITI,SAN_GIL,MENOS_TRAMOS,true,11.00,11.0,1,3,0.00033
CURITI,PINCHOTE,MENOS_TRAMOS,true,18.00,18.0,2,8,0.00088
CURITI,SOCORRO,MENOS_TRAMOS,true,34.00,34.0,3,14,0.00132
CURITI,VALLE_SAN_JOSE,MENOS_TRAMOS,true,30.50,24.0,2,9,0.00095
CURITI,PARAMO,MENOS_TRAMOS,true,39.50,30.0,3,15,0.00140
CURITI,MOGOTES,MENOS_TRAMOS,true,65.00,47.0,2,10,0.00106
CURITI,CHARALA,MENOS_TRAMOS,true,74.00,53.0,4,19,0.00173
CURITI,OIBA,MENOS_TRAMOS,true,64.00,64.0,4,18,0.00169
VILLANUEVA,BUCARAMANGA,MENOS_TRAMOS,true,182.70,99.0,4,18,0.00174
VILLANUEVA,FLORIDABLANCA,MENOS_TRAMOS,true,174.70,91.0,3,12,0.00122
VILLANUEVA,PIEDECUESTA,MENOS_TRAMOS,true,164.70,81.0,2,5,0.00099
VILLANUEVA,GIRON,MENOS_TRAMOS,true,213.00,115.0,3,17,0.00160
VILLANUEVA,LEBRIJA,MENOS_TRAMOS,true,230.00,132.0,4,22,0.00189
VILLANUEVA,LOS_SANTOS,MENOS_TRAMOS,true,115.20,48.0,1,2,0.00027
VILLANUEVA,PESCADERO,MENOS_TRAMOS,true,158.40,66.0,2,6,0.00084
VILLANUEVA,PARQUE_CHICAMOCHA,MENOS_TRAMOS,true,170.40,78.0,3,13,0.00130
VILLANUEVA,ARATOCA,MENOS_TRAMOS,true,56.00,45.0,3,14,0.00135
VILLANUEVA,CEPITA,MENOS_TRAMOS,true,116.00,70.0,4,19,0.00178
VILLANUEVA,CURITI,MENOS_TRAMOS,true,44.00,33.0,2,7,0.00086
VILLANUEVA,BARICHARA,MENOS_TRAMOS,true,22.50,15.0,1,4,0.00053
VILLANUEVA,ZAPATOCA,MENOS_TRAMOS,true,130.50,60.0,2,11,0.00113
VILLANUEVA,SAN_GIL,MENOS_TRAMOS,true,33.00,22.0,1,3,0.00036
VILLANUEVA,PINCHOTE,MENOS_TRAMOS,true,40.00,29.0,2,8,0.00097
VILLANUEVA,SOCORRO,MENOS_TRAMOS,true,56.00,45.0,3,15,0.00144
VILLANUEVA,VALLE_SAN_JOSE,MENOS_TRAMOS,true,52.50,35.0,2,9,0.00107
VILLANUEVA,PARAMO,MENOS_TRAMOS,true,61.50,41.0,3,16,0.00150
VILLANUEVA,MOGOTES,MENOS_TRAMOS,true,87.00,58.0,2,10,0.00110
VILLANUEVA,CHARALA,MENOS_TRAMOS,true,96.00,64.0,4,21,0.00183
VILLANUEVA,OIBA,MENOS_TRAMOS,true,86.00,75.0,4,20,0.00182
BARICHARA,BUCARAMANGA,MENOS_TRAMOS,true,199.50,109.0,3,16,0.00162
BARICHARA,FLORIDABLANCA,MENOS_TRAMOS,true,197.20,106.0,4,18,0.00165
BARICHARA,PIEDECUESTA,MENOS_TRAMOS,true,187.20,96.0,3,11,0.00124
BARICHARA,GIRON,MENOS_TRAMOS,true,190.50,100.0,2,10,0.00103
BARICHARA,LEBRIJA,MENOS_TRAMOS,true,207.50,117.0,3,17,0.00161
BARICHARA,LOS_SANTOS,MENOS_TRAMOS,true,137.70,63.0,2,5,0.00062
BARICHARA,PESCADERO,MENOS_TRAMOS,true,180.90,81.0,3,12,0.00124
BARICHARA,PARQUE_CHICAMOCHA,MENOS_TRAMOS,true,192.90,93.0,4,19,0.00179
BARICHARA,ARATOCA,MENOS_TRAMOS,true,53.00,43.0,3,13,0.00132
BARICHARA,CEPITA,MENOS_TRAMOS,true,113.00,68.0,4,20,0.00179
BARICHARA,CURITI,MENOS_TRAMOS,true,41.00,31.0,2,6,0.00078
BARICHARA,VILLANUEVA,MENOS_TRAMOS,true,22.50,15.0,1,2,0.00027
BARICHARA,ZAPATOCA,MENOS_TRAMOS,true,108.00,45.0,1,4,0.00053
BARICHARA,SAN_GIL,MENOS_TRAMOS,true,30.00,20.0,1,3,0.00035
BARICHARA,PINCHOTE,MENOS_TRAMOS,true,37.00,27.0,2,7,0.00083
BARICHARA,SOCORRO,MENOS_TRAMOS,true,53.00,43.0,3,14,0.00141
BARICHARA,VALLE_SAN_JOSE,MENOS_TRAMOS,true,49.50,33.0,2,8,0.00091
BARICHARA,PARAMO,MENOS_TRAMOS,true,58.50,39.0,3,15,0.00147
BARICHARA,MOGOTES,MENOS_TRAMOS,true,84.00,56.0,2,9,0.00097
BARICHARA,CHARALA,MENOS_TRAMOS,true,93.00,62.0,4,22,0.00191
BARICHARA,OIBA,MENOS_TRAMOS,true,83.00,73.0,4,21,0.00191
ZAPATOCA,BUCARAMANGA,MENOS_TRAMOS,true,91.50,64.0,2,4,0.00048
ZAPATOCA,FLORIDABLANCA,MENOS_TRAMOS,true,99.50,72.0,3,8,0.00089
ZAPATOCA,PIEDECUESTA,MENOS_TRAMOS,true,109.50,82.0,4,14,0.00171
ZAPATOCA,GIRON,MENOS_TRAMOS,true,82.50,55.0,1,2,0.00026
ZAPATOCA,LEBRIJA,MENOS_TRAMOS,true,99.50,72.0,2,5,0.00053
ZAPATOCA,LOS_SANTOS,MENOS_TRAMOS,true,245.70,108.0,3,9,0.00098
ZAPATOCA,PESCADERO,MENOS_TRAMOS,true,288.90,126.0,4,15,0.00143
ZAPATOCA,PARQUE_CHICAMOCHA,MENOS_TRAMOS,true,300.90,138.0,5,19,0.00178
ZAPATOCA,ARATOCA,MENOS_TRAMOS,true,161.00,88.0,4,16,0.00149
ZAPATOCA,CEPITA,MENOS_TRAMOS,true,221.00,113.0,5,20,0.00188
ZAPATOCA,CURITI,MENOS_TRAMOS,true,149.00,76.0,3,10,0.00105
ZAPATOCA,VILLANUEVA,MENOS_TRAMOS,true,130.50,60.0,2,6,0.00057
ZAPATOCA,BARICHARA,MENOS_TRAMOS,true,108.00,45.0,1,3,0.00035
ZAPATOCA,SAN_GIL,MENOS_TRAMOS,true,138.00,65.0,2,7,0.00066
ZAPATOCA,PINCHOTE,MENOS_TRAMOS,true,145.00,72.0,3,11,0.00118
ZAPATOCA,SOCORRO,MENOS_TRAMOS,true,161.00,88.0,4,17,0.00161
ZAPATOCA,VALLE_SAN_JOSE,MENOS_TRAMOS,true,157.50,78.0,3,12,0.00119
ZAPATOCA,PARAMO,MENOS_TRAMOS,true,166.50,84.0,4,18,0.00165
ZAPATOCA,MOGOTES,MENOS_TRAMOS,true,192.00,101.0,3,13,0.00137
ZAPATOCA,CHARALA,MENOS_TRAMOS,true,201.00,107.0,5,22,0.00196
ZAPATOCA,OIBA,MENOS_TRAMOS,true,191.00,118.0,5,21,0.00187
SAN_GIL,BUCARAMANGA,MENOS_TRAMOS,true,229.50,129.0,4,21,0.00186
SAN_GIL,FLORIDABLANCA,MENOS_TRAMOS,true,207.70,113.0,4,20,0.00178
SAN_GIL,PIEDECUESTA,MENOS_TRAMOS,true,197.70,103.0,3,15,0.00138
SAN_GIL,GIRON,MENOS_TRAMOS,true,220.50,120.0,3,17,0.00156
SAN_GIL,LEBRIJA,MENOS_TRAMOS,true,237.50,137.0,4,22,0.00193
SAN_GIL,LOS_SANTOS,MENOS_TRAMOS,true,148.20,70.0,2,9,0.00098
SAN_GIL,PESCADERO,MENOS_TRAMOS,true,191.40,88.0,3,16,0.00148
SAN_GIL,PARQUE_CHICAMOCHA,MENOS_TRAMOS,true,33.00,33.0,3,13,0.00131
SAN_GIL,ARATOCA,MENOS_TRAMOS,true,23.00,23.0,2,8,0.00080
SAN_GIL,CEPITA,MENOS_TRAMOS,true,83.00,48.0,3,14,0.00136
SAN_GIL,CURITI,MENOS_TRAMOS,true,11.00,11.0,1,2,0.00034
SAN_GIL,VILLANUEVA,MENOS_TRAMOS,true,33.00,22.0,1,3,0.00042
SAN_GIL,BARICHARA,MENOS_TRAMOS,true,30.00,20.0,1,4,0.00051
SAN_GIL,ZAPATOCA,MENOS_TRAMOS,true,138.00,65.0,2,10,0.00105
SAN_GIL,PINCHOTE,MENOS_TRAMOS,true,7.00,7.0,1,5,0.00067
SAN_GIL,SOCORRO,MENOS_TRAMOS,true,23.00,23.0,2,11,0.00113
SAN_GIL,VALLE_SAN_JOSE,MENOS_TRAMOS,true,19.50,13.0,1,6,0.00065
SAN_GIL,PARAMO,MENOS_TRAMOS,true,28.50,19.0,2,12,0.00118
SAN_GIL,MOGOTES,MENOS_TRAMOS,true,54.00,36.0,1,7,0.00072
SAN_GIL,CHARALA,MENOS_TRAMOS,true,63.00,42.0,3,19,0.00174
SAN_GIL,OIBA,MENOS_TRAMOS,true,53.00,53.0,3,18,0.00163
PINCHOTE,BUCARAMANGA,MENOS_TRAMOS,true,236.50,136.0,5,21,0.00228
PINCHOTE,FLORIDABLANCA,MENOS_TRAMOS,true,214.70,120.0,5,20,0.00179
PINCHOTE,PIEDECUESTA,MENOS_TRAMOS,true,204.70,110.0,4,16,0.00143
PINCHOTE,GIRON,MENOS_TRAMOS,true,227.50,127.0,4,18,0.00163
PINCHOTE,LEBRIJA,MENOS_TRAMOS,true,244.50,144.0,5,22,0.00191
PINCHOTE,LOS_SANTOS,MENOS_TRAMOS,true,155.20,77.0,3,11,0.00113
PINCHOTE,PESCADERO,MENOS_TRAMOS,true,198.40,95.0,4,17,0.00154
PINCHOTE,PARQUE_CHICAMOCHA,MENOS_TRAMOS,true,40.00,40.0,4,14,0.00134
PINCHOTE,ARATOCA,MENOS_TRAMOS,true,30.00,30.0,3,10,0.00095
PINCHOTE,CEPITA,MENOS_TRAMOS,true,90.00,55.0,4,15,0.00150
PINCHOTE,CURITI,MENOS_TRAMOS,true,18.00,18.0,2,4,0.00050
PINCHOTE,VILLANUEVA,MENOS_TRAMOS,true,40.00,29.0,2,5,0.00060
PINCHOTE,BARICHARA,MENOS_TRAMOS,true,37.00,27.0,2,6,0.00068
PINCHOTE,ZAPATOCA,MENOS_TRAMOS,true,145.00,72.0,3,12,0.00120
PINCHOTE,SAN_GIL,MENOS_TRAMOS,true,7.00,7.0,1,2,0.00025
PINCHOTE,SOCORRO,MENOS_TRAMOS,true,16.00,16.0,1,3,0.00042
PINCHOTE,VALLE_SAN_JOSE,MENOS_TRAMOS,true,26.50,20.0,2,7,0.00075
PINCHOTE,PARAMO,MENOS_TRAMOS,true,35.50,26.0,3,13,0.00125
PINCHOTE,MOGOTES,MENOS_TRAMOS,true,61.00,43.0,2,8,0.00086
PINCHOTE,CHARALA,MENOS_TRAMOS,true,70.00,49.0,4,19,0.00173
PINCHOTE,OIBA,MENOS_TRAMOS,true,46.00,46.0,2,9,0.00091
SOCORRO,BUCARAMANGA,MENOS_TRAMOS,true,252.50,152.0,6,21,0.00189
SOCORRO,FLORIDABLANCA,MENOS_TRAMOS,true,230.70,136.0,6,20,0.00180
SOCORRO,PIEDECUESTA,MENOS_TRAMOS,true,220.70,126.0,5,16,0.00146
SOCORRO,GIRON,MENOS_TRAMOS,true,243.50,143.0,5,18,0.00165
SOCORRO,LEBRIJA,MENOS_TRAMOS,true,260.50,160.0,6,22,0.00192
SOCORRO,LOS_SANTOS,MENOS_TRAMOS,true,171.20,93.0,4,11,0.00113
SOCORRO,PESCADERO,MENOS_TRAMOS,true,214.40,111.0,5,17,0.00165
SOCORRO,PARQUE_CHICAMOCHA,MENOS_TRAMOS,true,56.00,56.0,5,14,0.00134
SOCORRO,ARATOCA,MENOS_TRAMOS,true,46.00,46.0,4,10,0.00101
SOCORRO,CEPITA,MENOS_TRAMOS,true,106.00,71.0,5,15,0.00147
SOCORRO,CURITI,MENOS_TRAMOS,true,34.00,34.0,3,5,0.00058
SOCORRO,VILLANUEVA,MENOS_TRAMOS,true,56.00,45.0,3,6,0.00066
SOCORRO,BARICHARA,MENOS_TRAMOS,true,53.00,43.0,3,7,0.00075
SOCORRO,ZAPATOCA,MENOS_TRAMOS,true,161.00,88.0,4,12,0.00121
SOCORRO,SAN_GIL,MENOS_TRAMOS,true,23.00,23.0,2,4,0.00039
SOCORRO,PINCHOTE,MENOS_TRAMOS,true,16.00,16.0,1,2,0.00024
SOCORRO,VALLE_SAN_JOSE,MENOS_TRAMOS,true,42.50,36.0,3,8,0.00084
SOCORRO,PARAMO,MENOS_TRAMOS,true,51.50,42.0,4,13,0.00132
SOCORRO,MOGOTES,MENOS_TRAMOS,true,77.00,59.0,3,9,0.00095
SOCORRO,CHARALA,MENOS_TRAMOS,true,86.00,65.0,5,19,0.00178
SOCORRO,OIBA,MENOS_TRAMOS,true,30.00,30.0,1,3,0.00031
VALLE_SAN_JOSE,BUCARAMANGA,MENOS_TRAMOS,true,249.00,142.0,5,21,0.00217
VALLE_SAN_JOSE,FLORIDABLANCA,MENOS_TRAMOS,true,227.20,126.0,5,20,0.00178
VALLE_SAN_JOSE,PIEDECUESTA,MENOS_TRAMOS,true,217.20,116.0,4,16,0.00145
VALLE_SAN_JOSE,GIRON,MENOS_TRAMOS,true,240.00,133.0,4,18,0.00162
VALLE_SAN_JOSE,LEBRIJA,MENOS_TRAMOS,true,257.00,150.0,5,22,0.00210
VALLE_SAN_JOSE,LOS_SANTOS,MENOS_TRAMOS,true,167.70,83.0,3,11,0.00110
VALLE_SAN_JOSE,PESCADERO,MENOS_TRAMOS,true,210.90,101.0,4,17,0.00158
VALLE_SAN_JOSE,PARQUE_CHICAMOCHA,MENOS_TRAMOS,true,52.50,46.0,4,14,0.00135
VALLE_SAN_JOSE,ARATOCA,MENOS_TRAMOS,true,42.50,36.0,3,10,0.00095
VALLE_SAN_JOSE,CEPITA,MENOS_TRAMOS,true,102.50,61.0,4,15,0.00139
VALLE_SAN_JOSE,CURITI,MENOS_TRAMOS,true,30.50,24.0,2,4,0.00051
VALLE_SAN_JOSE,VILLANUEVA,MENOS_TRAMOS,true,52.50,35.0,2,5,0.00059
VALLE_SAN_JOSE,BARICHARA,MENOS_TRAMOS,true,49.50,33.0,2,6,0.00067
VALLE_SAN_JOSE,ZAPATOCA,MENOS_TRAMOS,true,157.50,78.0,3,12,0.00123
VALLE_SAN_JOSE,SAN_GIL,MENOS_TRAMOS,true,19.50,13.0,1,2,0.00025
VALLE_SAN_JOSE,PINCHOTE,MENOS_TRAMOS,true,26.50,20.0,2,7,0.00076
VALLE_SAN_JOSE,SOCORRO,MENOS_TRAMOS,true,42.50,36.0,3,13,0.00126
VALLE_SAN_JOSE,PARAMO,MENOS_TRAMOS,true,9.00,6.0,1,3,0.00041
VALLE_SAN_JOSE,MOGOTES,MENOS_TRAMOS,true,73.50,49.0,2,8,0.00085
VALLE_SAN_JOSE,CHARALA,MENOS_TRAMOS,true,43.50,29.0,2,9,0.00089
VALLE_SAN_JOSE,OIBA,MENOS_TRAMOS,true,72.50,66.0,4,19,0.00182
PARAMO,BUCARAMANGA,MENOS_TRAMOS,true,258.00,148.0,6,21,0.00188
PARAMO,FLORIDABLANCA,MENOS_TRAMOS,true,236.20,132.0,6,20,0.00187
PARAMO,PIEDECUESTA,MENOS_TRAMOS,true,226.20,122.0,5,16,0.00147
PARAMO,GIRON,MENOS_TRAMOS,true,249.00,139.0,5,18,0.00170
PARAMO,LEBRIJA,MENOS_TRAMOS,true,266.00,156.0,6,22,0.00194
PARAMO,LOS_SANTOS,MENOS_TRAMOS,true,176.70,89.0,4,11,0.00114
PARAMO,PESCADERO,MENOS_TRAMOS,true,219.90,107.0,5,17,0.00156
PARAMO,PARQUE_CHICAMOCHA,MENOS_TRAMOS,true,61.50,52.0,5,14,0.00136
PARAMO,ARATOCA,MENOS_TRAMOS,true,51.50,42.0,4,10,0.00100
PARAMO,CEPITA,MENOS_TRAMOS,true,111.50,67.0,5,15,0.00145
PARAMO,CURITI,MENOS_TRAMOS,true,39.50,30.0,3,5,0.00059
PARAMO,VILLANUEVA,MENOS_TRAMOS,true,61.50,41.0,3,6,0.00065
PARAMO,BARICHARA,MENOS_TRAMOS,true,58.50,39.0,3,7,0.00073
PARAMO,ZAPATOCA,MENOS_TRAMOS,true,166.50,84.0,4,12,0.00120
PARAMO,SAN_GIL,MENOS_TRAMOS,true,28.50,19.0,2,4,0.00038
PARAMO,PINCHOTE,MENOS_TRAMOS,true,35.50,26.0,3,8,0.00083
PARAMO,SOCORRO,MENOS_TRAMOS,true,51.50,42.0,4,13,0.00127
PARAMO,VALLE_SAN_JOSE,MENOS_TRAMOS,true,9.00,6.0,1,2,0.00025
PARAMO,MOGOTES,MENOS_TRAMOS,true,82.50,55.0,3,9,0.00095
PARAMO,CHARALA,MENOS_TRAMOS,true,34.50,23.0,1,3,0.00030
PARAMO,OIBA,MENOS_TRAMOS,true,81.50,72.0,5,19,0.00185
MOGOTES,BUCARAMANGA,MENOS_TRAMOS,true,283.50,165.0,5,21,0.00229
MOGOTES,FLORIDABLANCA,MENOS_TRAMOS,true,261.70,149.0,5,20,0.00180
MOGOTES,PIEDECUESTA,MENOS_TRAMOS,true,251.70,139.0,4,15,0.00141
MOGOTES,GIRON,MENOS_TRAMOS,true,274.50,156.0,4,17,0.00158
MOGOTES,LEBRIJA,MENOS_TRAMOS,true,291.50,173.0,5,22,0.00189
MOGOTES,LOS_SANTOS,MENOS_TRAMOS,true,202.20,106.0,3,9,0.00098
MOGOTES,PESCADERO,MENOS_TRAMOS,true,245.40,124.0,4,16,0.00150
MOGOTES,PARQUE_CHICAMOCHA,MENOS_TRAMOS,true,87.00,69.0,4,13,0.00134
MOGOTES,ARATOCA,MENOS_TRAMOS,true,77.00,59.0,3,8,0.00083
MOGOTES,CEPITA,MENOS_TRAMOS,true,137.00,84.0,4,14,0.00136
MOGOTES,CURITI,MENOS_TRAMOS,true,65.00,47.0,2,3,0.00042
MOGOTES,VILLANUEVA,MENOS_TRAMOS,true,87.00,58.0,2,4,0.00052
MOGOTES,BARICHARA,MENOS_TRAMOS,true,84.00,56.0,2,5,0.00058
MOGOTES,ZAPATOCA,MENOS_TRAMOS,true,192.00,101.0,3,10,0.00108
MOGOTES,SAN_GIL,MENOS_TRAMOS,true,54.00,36.0,1,2,0.00023
MOGOTES,PINCHOTE,MENOS_TRAMOS,true,61.00,43.0,2,6,0.00068
MOGOTES,SOCORRO,MENOS_TRAMOS,true,77.00,59.0,3,11,0.00117
MOGOTES,VALLE_SAN_JOSE,MENOS_TRAMOS,true,73.50,49.0,2,7,0.00072
MOGOTES,PARAMO,MENOS_TRAMOS,true,82.50,55.0,3,12,0.00133
MOGOTES,CHARALA,MENOS_TRAMOS,true,117.00,78.0,4,19,0.00175
MOGOTES,OIBA,MENOS_TRAMOS,true,107.00,89.0,4,18,0.00171
CHARALA,BUCARAMANGA,MENOS_TRAMOS,true,292.50,171.0,7,21,0.00190
CHARALA,FLORIDABLANCA,MENOS_TRAMOS,true,270.70,155.0,7,20,0.00180
CHARALA,PIEDECUESTA,MENOS_TRAMOS,true,260.70,145.0,6,16,0.00148
CHARALA,GIRON,MENOS_TRAMOS,true,283.50,162.0,6,18,0.00166
CHARALA,LEBRIJA,MENOS_TRAMOS,true,300.50,179.0,7,22,0.00197
CHARALA,LOS_SANTOS,MENOS_TRAMOS,true,211.20,112.0,5,11,0.00113
CHARALA,PESCADERO,MENOS_TRAMOS,true,254.40,130.0,6,17,0.00157
CHARALA,PARQUE_CHICAMOCHA,MENOS_TRAMOS,true,96.00,75.0,6,14,0.00141
CHARALA,ARATOCA,MENOS_TRAMOS,true,86.00,65.0,5,10,0.00102
CHARALA,CEPITA,MENOS_TRAMOS,true,146.00,90.0,6,15,0.00145
CHARALA,CURITI,MENOS_TRAMOS,true,74.00,53.0,4,5,0.00060
CHARALA,VILLANUEVA,MENOS_TRAMOS,true,96.00,64.0,4,6,0.00069
CHARALA,BARICHARA,MENOS_TRAMOS,true,93.00,62.0,4,7,0.00081
CHARALA,ZAPATOCA,MENOS_TRAMOS,true,201.00,107.0,5,12,0.00144
CHARALA,SAN_GIL,MENOS_TRAMOS,true,63.00,42.0,3,4,0.00043
CHARALA,PINCHOTE,MENOS_TRAMOS,true,70.00,49.0,4,8,0.00089
CHARALA,SOCORRO,MENOS_TRAMOS,true,86.00,65.0,5,13,0.00133
CHARALA,VALLE_SAN_JOSE,MENOS_TRAMOS,true,43.50,29.0,2,3,0.00031
CHARALA,PARAMO,MENOS_TRAMOS,true,34.50,23.0,1,2,0.00021
CHARALA,MOGOTES,MENOS_TRAMOS,true,117.00,78.0,4,9,0.00096
CHARALA,OIBA,MENOS_TRAMOS,true,116.00,95.0,6,19,0.00187
OIBA,BUCARAMANGA,MENOS_TRAMOS,true,282.50,182.0,7,21,0.00214
OIBA,FLORIDABLANCA,MENOS_TRAMOS,true,260.70,166.0,7,20,0.00186
OIBA,PIEDECUESTA,MENOS_TRAMOS,true,250.70,156.0,6,16,0.00148
OIBA,GIRON,MENOS_TRAMOS,true,273.50,173.0,6,18,0.00166
OIBA,LEBRIJA,MENOS_TRAMOS,true,290.50,190.0,7,22,0.00195
OIBA,LOS_SANTOS,MENOS_TRAMOS,true,201.20,123.0,5,11,0.00112
OIBA,PESCADERO,MENOS_TRAMOS,true,244.40,141.0,6,17,0.00156
OIBA,PARQUE_CHICAMOCHA,MENOS_TRAMOS,true,86.00,86.0,6,14,0.00140
OIBA,ARATOCA,MENOS_TRAMOS,true,76.00,76.0,5,10,0.00101
OIBA,CEPITA,MENOS_TRAMOS,true,136.00,101.0,6,15,0.00156
OIBA,CURITI,MENOS_TRAMOS,true,64.00,64.0,4,5,0.00060
OIBA,VILLANUEVA,MENOS_TRAMOS,true,86.00,75.0,4,6,0.00067
OIBA,BARICHARA,MENOS_TRAMOS,true,83.00,73.0,4,7,0.00076
OIBA,ZAPATOCA,MENOS_TRAMOS,true,191.00,118.0,5,12,0.00123
OIBA,SAN_GIL,MENOS_TRAMOS,true,53.00,53.0,3,4,0.00041
OIBA,PINCHOTE,MENOS_TRAMOS,true,46.00,46.0,2,3,0.00032
OIBA,SOCORRO,MENOS_TRAMOS,true,30.00,30.0,1,2,0.00021
OIBA,VALLE_SAN_JOSE,MENOS_TRAMOS,true,72.50,66.0,4,8,0.00083
OIBA,PARAMO,MENOS_TRAMOS,true,81.50,72.0,5,13,0.00129
OIBA,MOGOTES,MENOS_TRAMOS,true,107.00,89.0,4,9,0.00094
OIBA,CHARALA,MENOS_TRAMOS,true,116.00,95.0,6,19,0.00178
