nodos,tramos,estrategia,consultas,tiempoPromedioMs,p95Ms,nodosExploradosPromedio,tiempoRutaPromedioMin,rutasEncontradas,coincidenConDijkstra
100,180,DIJKSTRA,30,0.0354,0.0590,54.0,13.51,30,30
100,180,A_ESTRELLA,30,0.0333,0.0719,31.5,13.51,30,30
100,180,MENOS_TRAMOS,30,0.0179,0.0337,54.6,16.29,30,9
1000,1935,DIJKSTRA,30,0.2990,0.5538,544.4,42.16,30,30
1000,1935,A_ESTRELLA,30,0.2085,0.5368,332.8,42.16,30,30
1000,1935,MENOS_TRAMOS,30,0.1339,0.2482,539.0,53.60,30,0
10000,19800,DIJKSTRA,30,3.8052,6.4517,5303.5,116.95,30,30
10000,19800,A_ESTRELLA,30,2.2684,5.7592,2810.9,116.95,30,30
10000,19800,MENOS_TRAMOS,30,1.1515,2.4335,5164.3,152.51,30,0
50000,99550,DIJKSTRA,30,16.2822,29.8160,26924.1,275.69,30,30
50000,99550,A_ESTRELLA,30,10.7938,22.1781,14519.4,275.69,30,30
50000,99550,MENOS_TRAMOS,30,9.6082,23.0935,26884.5,375.69,30,0
